[2026-10-04 02:55:16] local.ERROR: Class "App\Http\Controllers\web\Controller" not found {"exception":"[object] (Error(code: 0): Class \"App\\Http\\Controllers\\web\\Controller\" not found at D:/Prabu/Projects/subscription-billing-metering/app/Http/Controllers/web/DashboardPageController.php:9)
[stacktrace]
#0 D:/Prabu/Projects/subscription-billing-metering/vendor/composer/ClassLoader.php(576): include()
#1 D:/Prabu/Projects/subscription-billing-metering/vendor/composer/ClassLoader.php(427): {closure:Composer/Autoload/ClassLoader::initializeIncludeClosure():575}()
#2 [internal function]: Composer/Autoload/ClassLoader->loadClass()
#3 D:/Prabu/Projects/subscription-billing-metering/vendor/laravel/framework/src/Illuminate/Routing/Route.php(1182): ReflectionClass->__construct()
#4 D:/Prabu/Projects/subscription-billing-metering/vendor/laravel/framework/src/Illuminate/Routing/Route.php(1132): Illuminate/Routing/Route->attributeProvidedControllerMiddleware()
#5 D:/Prabu/Projects/subscription-billing-metering/vendor/laravel/framework/src/Illuminate/Routing/Route.php(1069): Illuminate/Routing/Route->controllerMiddleware()
#6 D:/Prabu/Projects/subscription-billing-metering/vendor/laravel/framework/src/Illuminate/Routing/Router.php(834): Illuminate/Routing/Route->gatherMiddleware()
#7 D:/Prabu/Projects/subscription-billing-metering/vendor/laravel/framework/src/Illuminate/Routing/Router.php(816): Illuminate/Routing/Router->gatherRouteMiddleware()
#8 D:/Prabu/Projects/subscription-billing-metering/vendor/laravel/framework/src/Illuminate/Routing/Router.php(800): Illuminate/Routing/Router->runRouteWithinStack()
#9 D:/Prabu/Projects/subscription-billing-metering/vendor/laravel/framework/src/Illuminate/Routing/Router.php(764): Illuminate/Routing/Router->runRoute()
#10 D:/Prabu/Projects/subscription-billing-metering/vendor/laravel/framework/src/Illuminate/Routing/Router.php(753): Illuminate/Routing/Router->dispatchToRoute()
#11 D:/Prabu/Projects/subscription-billing-metering/vendor/laravel/framework/src/Illuminate/Foundation/Http/Kernel.php(200): Illuminate/Routing/Router->dispatch()
#12 D:/Prabu/Projects/subscription-billing-metering/vendor/laravel/framework/src/Illuminate/Pipeline/Pipeline.php(180): Illuminate/Foundation/Http/Kernel->{closure:Illuminate/Foundation/Http/Kernel::dispatchToRouter():197}()
#13 D:/Prabu/Projects/subscription-billing-metering/vendor/laravel/framework/src/Illuminate/Foundation/Http/Middleware/TransformsRequest.php(21): Illuminate/Pipeline/Pipeline->{closure:Illuminate/Pipeline/Pipeline::prepareDestination():178}()
#14 D:/Prabu/Projects/subscription-billing-metering/vendor/laravel/framework/src/Illuminate/Foundation/Http/Middleware/ConvertEmptyStringsToNull.php(31): Illuminate/Foundation/Http/Middleware/TransformsRequest->handle()
#15 D:/Prabu/Projects/subscription-billing-metering/vendor/laravel/framework/src/Illuminate/Pipeline/Pipeline.php(219): Illuminate/Foundation/Http/Middleware/ConvertEmptyStringsToNull->handle()
#16 D:/Prabu/Projects/subscription-billing-metering/vendor/laravel/framework/src/Illuminate/Foundation/Http/Middleware/TransformsRequest.php(21): Illuminate/Pipeline/Pipeline->{closure:{closure:Illuminate/Pipeline/Pipeline::carry():194}:195}()
#17 D:/Prabu/Projects/subscription-billing-metering/vendor/laravel/framework/src/Illuminate/Foundation/Http/Middleware/TrimStrings.php(51): Illuminate/Foundation/Http/Middleware/TransformsRequest->handle()
#18 D:/Prabu/Projects/subscription-billing-metering/vendor/laravel/framework/src/Illuminate/Pipeline/Pipeline.php(219): Illuminate/Foundation/Http/Middleware/TrimStrings->handle()
#19 D:/Prabu/Projects/subscription-billing-metering/vendor/laravel/framework/src/Illuminate/Http/Middleware/ValidatePostSize.php(27): Illuminate/Pipeline/Pipeline->{closure:{closure:Illuminate/Pipeline/Pipeline::carry():194}:195}()
#20 D:/Prabu/Projects/subscription-billing-metering/vendor/laravel/framework/src/Illuminate/Pipeline/Pipeline.php(219): Illuminate/Http/Middleware/ValidatePostSize->handle()
#21 D:/Prabu/Projects/subscription-billing-metering/vendor/laravel/framework/src/Illuminate/Foundation/Http/Middleware/PreventRequestsDuringMaintenance.php(110): Illuminate/Pipeline/Pipeline->{closure:{closure:Illuminate/Pipeline/Pipeline::carry():194}:195}()
#22 D:/Prabu/Projects/subscription-billing-metering/vendor/laravel/framework/src/Illuminate/Pipeline/Pipeline.php(219): Illuminate/Foundation/Http/Middleware/PreventRequestsDuringMaintenance->handle()
#23 D:/Prabu/Projects/subscription-billing-metering/vendor/laravel/framework/src/Illuminate/Http/Middleware/HandleCors.php(61): Illuminate/Pipeline/Pipeline->{closure:{closure:Illuminate/Pipeline/Pipeline::carry():194}:195}()
#24 D:/Prabu/Projects/subscription-billing-metering/vendor/laravel/framework/src/Illuminate/Pipeline/Pipeline.php(219): Illuminate/Http/Middleware/HandleCors->handle()
#25 D:/Prabu/Projects/subscription-billing-metering/vendor/laravel/framework/src/Illuminate/Http/Middleware/TrustProxies.php(58): Illuminate/Pipeline/Pipeline->{closure:{closure:Illuminate/Pipeline/Pipeline::carry():194}:195}()
#26 D:/Prabu/Projects/subscription-billing-metering/vendor/laravel/framework/src/Illuminate/Pipeline/Pipeline.php(219): Illuminate/Http/Middleware/TrustProxies->handle()
#27 D:/Prabu/Projects/subscription-billing-metering/vendor/laravel/framework/src/Illuminate/Foundation/Http/Middleware/InvokeDeferredCallbacks.php(22): Illuminate/Pipeline/Pipeline->{closure:{closure:Illuminate/Pipeline/Pipeline::carry():194}:195}()
#28 D:/Prabu/Projects/subscription-billing-metering/vendor/laravel/framework/src/Illuminate/Pipeline/Pipeline.php(219): Illuminate/Foundation/Http/Middleware/InvokeDeferredCallbacks->handle()
#29 D:/Prabu/Projects/subscription-billing-metering/vendor/laravel/framework/src/Illuminate/Http/Middleware/ValidatePathEncoding.php(28): Illuminate/Pipeline/Pipeline->{closure:{closure:Illuminate/Pipeline/Pipeline::carry():194}:195}()
#30 D:/Prabu/Projects/subscription-billing-metering/vendor/laravel/framework/src/Illuminate/Pipeline/Pipeline.php(219): Illuminate/Http/Middleware/ValidatePathEncoding->handle()
#31 D:/Prabu/Projects/subscription-billing-metering/vendor/laravel/framework/src/Illuminate/Pipeline/Pipeline.php(137): Illuminate/Pipeline/Pipeline->{closure:{closure:Illuminate/Pipeline/Pipeline::carry():194}:195}()
#32 D:/Prabu/Projects/subscription-billing-metering/vendor/laravel/framework/src/Illuminate/Foundation/Http/Kernel.php(175): Illuminate/Pipeline/Pipeline->then()
#33 D:/Prabu/Projects/subscription-billing-metering/vendor/laravel/framework/src/Illuminate/Foundation/Http/Kernel.php(144): Illuminate/Foundation/Http/Kernel->sendRequestThroughRouter()
#34 D:/Prabu/Projects/subscription-billing-metering/vendor/laravel/framework/src/Illuminate/Foundation/Application.php(1228): Illuminate/Foundation/Http/Kernel->handle()
#35 D:/Prabu/Projects/subscription-billing-metering/public/index.php(20): Illuminate/Foundation/Application->handleRequest()
#36 D:/Prabu/Projects/subscription-billing-metering/vendor/laravel/framework/src/Illuminate/Foundation/resources/server.php(23): require_once('...')
#37 {main}
"} 
[2026-10-04 02:55:16] local.ERROR: Class "App\Http\Controllers\web\Controller" not found {"exception":"[object] (Error(code: 0): Class \"App\\Http\\Controllers\\web\\Controller\" not found at D:/Prabu/Projects/subscription-billing-metering/app/Http/Controllers/web/DashboardPageController.php:9)
[stacktrace]
#0 D:/Prabu/Projects/subscription-billing-metering/vendor/composer/ClassLoader.php(576): include()
#1 D:/Prabu/Projects/subscription-billing-metering/vendor/composer/ClassLoader.php(427): {closure:Composer/Autoload/ClassLoader::initializeIncludeClosure():575}()
#2 [internal function]: Composer/Autoload/ClassLoader->loadClass()
#3 D:/Prabu/Projects/subscription-billing-metering/vendor/laravel/framework/src/Illuminate/Routing/Route.php(1247): ReflectionClass->__construct()
#4 D:/Prabu/Projects/subscription-billing-metering/vendor/laravel/framework/src/Illuminate/Routing/Route.php(1234): Illuminate/Routing/Route->attributeProvidedControllerMiddlewareExclusions()
#5 D:/Prabu/Projects/subscription-billing-metering/vendor/laravel/framework/src/Illuminate/Routing/Route.php(1307): Illuminate/Routing/Route->excludedControllerMiddleware()
#6 D:/Prabu/Projects/subscription-billing-metering/vendor/laravel/framework/src/Illuminate/Routing/Router.php(834): Illuminate/Routing/Route->excludedMiddleware()
#7 D:/Prabu/Projects/subscription-billing-metering/vendor/laravel/framework/src/Illuminate/Foundation/Http/Kernel.php(307): Illuminate/Routing/Router->gatherRouteMiddleware()
#8 D:/Prabu/Projects/subscription-billing-metering/vendor/laravel/framework/src/Illuminate/Foundation/Http/Kernel.php(246): Illuminate/Foundation/Http/Kernel->gatherRouteMiddleware()
#9 D:/Prabu/Projects/subscription-billing-metering/vendor/laravel/framework/src/Illuminate/Foundation/Http/Kernel.php(215): Illuminate/Foundation/Http/Kernel->terminateMiddleware()
#10 D:/Prabu/Projects/subscription-billing-metering/vendor/laravel/framework/src/Illuminate/Foundation/Application.php(1230): Illuminate/Foundation/Http/Kernel->terminate()
#11 D:/Prabu/Projects/subscription-billing-metering/public/index.php(20): Illuminate/Foundation/Application->handleRequest()
#12 D:/Prabu/Projects/subscription-billing-metering/vendor/laravel/framework/src/Illuminate/Foundation/resources/server.php(23): require_once('...')
#13 {main}
"} 
[2026-10-04 02:55:17] local.ERROR: Uncaught ErrorException: Cannot modify header information - headers already sent by (output started at D:\Prabu\Projects\subscription-billing-metering\vendor\symfony\http-foundation\Response.php:393) in D:\Prabu\Projects\subscription-billing-metering\vendor\symfony\http-foundation\Response.php:328
Stack trace:
#0 D:\Prabu\Projects\subscription-billing-metering\vendor\laravel\framework\src\Illuminate\Foundation\Bootstrap\HandleExceptions.php(265): Illuminate\Foundation\Bootstrap\HandleExceptions->handleError()
#1 [internal function]: Illuminate\Foundation\Bootstrap\HandleExceptions->{closure:Illuminate\Foundation\Bootstrap\HandleExceptions::forwardsTo():264}()
#2 D:\Prabu\Projects\subscription-billing-metering\vendor\symfony\http-foundation\Response.php(328): header()
#3 D:\Prabu\Projects\subscription-billing-metering\vendor\symfony\http-foundation\Response.php(407): Symfony\Component\HttpFoundation\Response->sendHeaders()
#4 D:\Prabu\Projects\subscription-billing-metering\vendor\laravel\framework\src\Illuminate\Foundation\Bootstrap\HandleExceptions.php(228): Symfony\Component\HttpFoundation\Response->send()
#5 D:\Prabu\Projects\subscription-billing-metering\vendor\laravel\framework\src\Illuminate\Foundation\Bootstrap\HandleExceptions.php(205): Illuminate\Foundation\Bootstrap\HandleExceptions->renderHttpResponse()
#6 D:\Prabu\Projects\subscription-billing-metering\vendor\laravel\framework\src\Illuminate\Foundation\Bootstrap\HandleExceptions.php(265): Illuminate\Foundation\Bootstrap\HandleExceptions->handleException()
#7 [internal function]: Illuminate\Foundation\Bootstrap\HandleExceptions->{closure:Illuminate\Foundation\Bootstrap\HandleExceptions::forwardsTo():264}()
#8 {main}
  thrown {"exception":"[object] (Symfony\\Component\\ErrorHandler\\Error\\FatalError(code: 0): Uncaught ErrorException: Cannot modify header information - headers already sent by (output started at D:\\Prabu\\Projects\\subscription-billing-metering\\vendor\\symfony\\http-foundation\\Response.php:393) in D:\\Prabu\\Projects\\subscription-billing-metering\\vendor\\symfony\\http-foundation\\Response.php:328
Stack trace:
#0 D:\\Prabu\\Projects\\subscription-billing-metering\\vendor\\laravel\\framework\\src\\Illuminate\\Foundation\\Bootstrap\\HandleExceptions.php(265): Illuminate\\Foundation\\Bootstrap\\HandleExceptions->handleError()
#1 [internal function]: Illuminate\\Foundation\\Bootstrap\\HandleExceptions->{closure:Illuminate\\Foundation\\Bootstrap\\HandleExceptions::forwardsTo():264}()
#2 D:\\Prabu\\Projects\\subscription-billing-metering\\vendor\\symfony\\http-foundation\\Response.php(328): header()
#3 D:\\Prabu\\Projects\\subscription-billing-metering\\vendor\\symfony\\http-foundation\\Response.php(407): Symfony\\Component\\HttpFoundation\\Response->sendHeaders()
#4 D:\\Prabu\\Projects\\subscription-billing-metering\\vendor\\laravel\\framework\\src\\Illuminate\\Foundation\\Bootstrap\\HandleExceptions.php(228): Symfony\\Component\\HttpFoundation\\Response->send()
#5 D:\\Prabu\\Projects\\subscription-billing-metering\\vendor\\laravel\\framework\\src\\Illuminate\\Foundation\\Bootstrap\\HandleExceptions.php(205): Illuminate\\Foundation\\Bootstrap\\HandleExceptions->renderHttpResponse()
#6 D:\\Prabu\\Projects\\subscription-billing-metering\\vendor\\laravel\\framework\\src\\Illuminate\\Foundation\\Bootstrap\\HandleExceptions.php(265): Illuminate\\Foundation\\Bootstrap\\HandleExceptions->handleException()
#7 [internal function]: Illuminate\\Foundation\\Bootstrap\\HandleExceptions->{closure:Illuminate\\Foundation\\Bootstrap\\HandleExceptions::forwardsTo():264}()
#8 {main}
  thrown at D:/Prabu/Projects/subscription-billing-metering/vendor/symfony/http-foundation/Response.php:328)
[stacktrace]
#0 {main}
"} 
[2026-10-04 03:03:40] local.ERROR: Vite manifest not found at: D:\Prabu\Projects\subscription-billing-metering\public\build/manifest.json (View: D:\Prabu\Projects\subscription-billing-metering\resources\views\dashboard.blade.php) {"exception":"[object] (Illuminate\\View\\ViewException(code: 0): Vite manifest not found at: D:\\Prabu\\Projects\\subscription-billing-metering\\public\\build/manifest.json (View: D:\\Prabu\\Projects\\subscription-billing-metering\\resources\\views\\dashboard.blade.php) at D:/Prabu/Projects/subscription-billing-metering/vendor/laravel/framework/src/Illuminate/Foundation/Vite.php:974)
[stacktrace]
#0 D:/Prabu/Projects/subscription-billing-metering/vendor/laravel/framework/src/Illuminate/View/Engines/PhpEngine.php(59): Illuminate/View/Engines/CompilerEngine->handleViewException()
#1 D:/Prabu/Projects/subscription-billing-metering/vendor/laravel/framework/src/Illuminate/View/Engines/CompilerEngine.php(76): Illuminate/View/Engines/PhpEngine->evaluatePath()
#2 D:/Prabu/Projects/subscription-billing-metering/vendor/laravel/framework/src/Illuminate/View/View.php(208): Illuminate/View/Engines/CompilerEngine->get()
#3 D:/Prabu/Projects/subscription-billing-metering/vendor/laravel/framework/src/Illuminate/View/View.php(191): Illuminate/View/View->getContents()
#4 D:/Prabu/Projects/subscription-billing-metering/vendor/laravel/framework/src/Illuminate/View/View.php(160): Illuminate/View/View->renderContents()
#5 D:/Prabu/Projects/subscription-billing-metering/vendor/laravel/framework/src/Illuminate/Http/Response.php(82): Illuminate/View/View->render()
#6 D:/Prabu/Projects/subscription-billing-metering/vendor/laravel/framework/src/Illuminate/Http/Response.php(40): Illuminate/Http/Response->setContent()
#7 D:/Prabu/Projects/subscription-billing-metering/vendor/laravel/framework/src/Illuminate/Routing/Router.php(939): Illuminate/Http/Response->__construct()
#8 D:/Prabu/Projects/subscription-billing-metering/vendor/laravel/framework/src/Illuminate/Routing/Router.php(906): Illuminate/Routing/Router::toResponse()
#9 D:/Prabu/Projects/subscription-billing-metering/vendor/laravel/framework/src/Illuminate/Routing/Router.php(821): Illuminate/Routing/Router->prepareResponse()
#10 D:/Prabu/Projects/subscription-billing-metering/vendor/laravel/framework/src/Illuminate/Pipeline/Pipeline.php(180): Illuminate/Routing/Router->{closure:Illuminate/Routing/Router::runRouteWithinStack():821}()
#11 D:/Prabu/Projects/subscription-billing-metering/vendor/laravel/framework/src/Illuminate/Routing/Middleware/SubstituteBindings.php(52): Illuminate/Pipeline/Pipeline->{closure:Illuminate/Pipeline/Pipeline::prepareDestination():178}()
#12 D:/Prabu/Projects/subscription-billing-metering/vendor/laravel/framework/src/Illuminate/Pipeline/Pipeline.php(219): Illuminate/Routing/Middleware/SubstituteBindings->handle()
#13 D:/Prabu/Projects/subscription-billing-metering/vendor/laravel/framework/src/Illuminate/Foundation/Http/Middleware/PreventRequestForgery.php(104): Illuminate/Pipeline/Pipeline->{closure:{closure:Illuminate/Pipeline/Pipeline::carry():194}:195}()
#14 D:/Prabu/Projects/subscription-billing-metering/vendor/laravel/framework/src/Illuminate/Pipeline/Pipeline.php(219): Illuminate/Foundation/Http/Middleware/PreventRequestForgery->handle()
#15 D:/Prabu/Projects/subscription-billing-metering/vendor/laravel/framework/src/Illuminate/View/Middleware/ShareErrorsFromSession.php(48): Illuminate/Pipeline/Pipeline->{closure:{closure:Illuminate/Pipeline/Pipeline::carry():194}:195}()
#16 D:/Prabu/Projects/subscription-billing-metering/vendor/laravel/framework/src/Illuminate/Pipeline/Pipeline.php(219): Illuminate/View/Middleware/ShareErrorsFromSession->handle()
#17 D:/Prabu/Projects/subscription-billing-metering/vendor/laravel/framework/src/Illuminate/Session/Middleware/StartSession.php(120): Illuminate/Pipeline/Pipeline->{closure:{closure:Illuminate/Pipeline/Pipeline::carry():194}:195}()
#18 D:/Prabu/Projects/subscription-billing-metering/vendor/laravel/framework/src/Illuminate/Session/Middleware/StartSession.php(63): Illuminate/Session/Middleware/StartSession->handleStatefulRequest()
#19 D:/Prabu/Projects/subscription-billing-metering/vendor/laravel/framework/src/Illuminate/Pipeline/Pipeline.php(219): Illuminate/Session/Middleware/StartSession->handle()
#20 D:/Prabu/Projects/subscription-billing-metering/vendor/laravel/framework/src/Illuminate/Cookie/Middleware/AddQueuedCookiesToResponse.php(36): Illuminate/Pipeline/Pipeline->{closure:{closure:Illuminate/Pipeline/Pipeline::carry():194}:195}()
#21 D:/Prabu/Projects/subscription-billing-metering/vendor/laravel/framework/src/Illuminate/Pipeline/Pipeline.php(219): Illuminate/Cookie/Middleware/AddQueuedCookiesToResponse->handle()
#22 D:/Prabu/Projects/subscription-billing-metering/vendor/laravel/framework/src/Illuminate/Cookie/Middleware/EncryptCookies.php(74): Illuminate/Pipeline/Pipeline->{closure:{closure:Illuminate/Pipeline/Pipeline::carry():194}:195}()
#23 D:/Prabu/Projects/subscription-billing-metering/vendor/laravel/framework/src/Illuminate/Pipeline/Pipeline.php(219): Illuminate/Cookie/Middleware/EncryptCookies->handle()
#24 D:/Prabu/Projects/subscription-billing-metering/vendor/laravel/framework/src/Illuminate/Pipeline/Pipeline.php(137): Illuminate/Pipeline/Pipeline->{closure:{closure:Illuminate/Pipeline/Pipeline::carry():194}:195}()
#25 D:/Prabu/Projects/subscription-billing-metering/vendor/laravel/framework/src/Illuminate/Routing/Router.php(821): Illuminate/Pipeline/Pipeline->then()
#26 D:/Prabu/Projects/subscription-billing-metering/vendor/laravel/framework/src/Illuminate/Routing/Router.php(800): Illuminate/Routing/Router->runRouteWithinStack()
#27 D:/Prabu/Projects/subscription-billing-metering/vendor/laravel/framework/src/Illuminate/Routing/Router.php(764): Illuminate/Routing/Router->runRoute()
#28 D:/Prabu/Projects/subscription-billing-metering/vendor/laravel/framework/src/Illuminate/Routing/Router.php(753): Illuminate/Routing/Router->dispatchToRoute()
#29 D:/Prabu/Projects/subscription-billing-metering/vendor/laravel/framework/src/Illuminate/Foundation/Http/Kernel.php(200): Illuminate/Routing/Router->dispatch()
#30 D:/Prabu/Projects/subscription-billing-metering/vendor/laravel/framework/src/Illuminate/Pipeline/Pipeline.php(180): Illuminate/Foundation/Http/Kernel->{closure:Illuminate/Foundation/Http/Kernel::dispatchToRouter():197}()
#31 D:/Prabu/Projects/subscription-billing-metering/vendor/laravel/framework/src/Illuminate/Foundation/Http/Middleware/TransformsRequest.php(21): Illuminate/Pipeline/Pipeline->{closure:Illuminate/Pipeline/Pipeline::prepareDestination():178}()
#32 D:/Prabu/Projects/subscription-billing-metering/vendor/laravel/framework/src/Illuminate/Foundation/Http/Middleware/ConvertEmptyStringsToNull.php(31): Illuminate/Foundation/Http/Middleware/TransformsRequest->handle()
#33 D:/Prabu/Projects/subscription-billing-metering/vendor/laravel/framework/src/Illuminate/Pipeline/Pipeline.php(219): Illuminate/Foundation/Http/Middleware/ConvertEmptyStringsToNull->handle()
#34 D:/Prabu/Projects/subscription-billing-metering/vendor/laravel/framework/src/Illuminate/Foundation/Http/Middleware/TransformsRequest.php(21): Illuminate/Pipeline/Pipeline->{closure:{closure:Illuminate/Pipeline/Pipeline::carry():194}:195}()
#35 D:/Prabu/Projects/subscription-billing-metering/vendor/laravel/framework/src/Illuminate/Foundation/Http/Middleware/TrimStrings.php(51): Illuminate/Foundation/Http/Middleware/TransformsRequest->handle()
#36 D:/Prabu/Projects/subscription-billing-metering/vendor/laravel/framework/src/Illuminate/Pipeline/Pipeline.php(219): Illuminate/Foundation/Http/Middleware/TrimStrings->handle()
#37 D:/Prabu/Projects/subscription-billing-metering/vendor/laravel/framework/src/Illuminate/Http/Middleware/ValidatePostSize.php(27): Illuminate/Pipeline/Pipeline->{closure:{closure:Illuminate/Pipeline/Pipeline::carry():194}:195}()
#38 D:/Prabu/Projects/subscription-billing-metering/vendor/laravel/framework/src/Illuminate/Pipeline/Pipeline.php(219): Illuminate/Http/Middleware/ValidatePostSize->handle()
#39 D:/Prabu/Projects/subscription-billing-metering/vendor/laravel/framework/src/Illuminate/Foundation/Http/Middleware/PreventRequestsDuringMaintenance.php(110): Illuminate/Pipeline/Pipeline->{closure:{closure:Illuminate/Pipeline/Pipeline::carry():194}:195}()
#40 D:/Prabu/Projects/subscription-billing-metering/vendor/laravel/framework/src/Illuminate/Pipeline/Pipeline.php(219): Illuminate/Foundation/Http/Middleware/PreventRequestsDuringMaintenance->handle()
#41 D:/Prabu/Projects/subscription-billing-metering/vendor/laravel/framework/src/Illuminate/Http/Middleware/HandleCors.php(61): Illuminate/Pipeline/Pipeline->{closure:{closure:Illuminate/Pipeline/Pipeline::carry():194}:195}()
#42 D:/Prabu/Projects/subscription-billing-metering/vendor/laravel/framework/src/Illuminate/Pipeline/Pipeline.php(219): Illuminate/Http/Middleware/HandleCors->handle()
#43 D:/Prabu/Projects/subscription-billing-metering/vendor/laravel/framework/src/Illuminate/Http/Middleware/TrustProxies.php(58): Illuminate/Pipeline/Pipeline->{closure:{closure:Illuminate/Pipeline/Pipeline::carry():194}:195}()
#44 D:/Prabu/Projects/subscription-billing-metering/vendor/laravel/framework/src/Illuminate/Pipeline/Pipeline.php(219): Illuminate/Http/Middleware/TrustProxies->handle()
#45 D:/Prabu/Projects/subscription-billing-metering/vendor/laravel/framework/src/Illuminate/Foundation/Http/Middleware/InvokeDeferredCallbacks.php(22): Illuminate/Pipeline/Pipeline->{closure:{closure:Illuminate/Pipeline/Pipeline::carry():194}:195}()
#46 D:/Prabu/Projects/subscription-billing-metering/vendor/laravel/framework/src/Illuminate/Pipeline/Pipeline.php(219): Illuminate/Foundation/Http/Middleware/InvokeDeferredCallbacks->handle()
#47 D:/Prabu/Projects/subscription-billing-metering/vendor/laravel/framework/src/Illuminate/Http/Middleware/ValidatePathEncoding.php(28): Illuminate/Pipeline/Pipeline->{closure:{closure:Illuminate/Pipeline/Pipeline::carry():194}:195}()
#48 D:/Prabu/Projects/subscription-billing-metering/vendor/laravel/framework/src/Illuminate/Pipeline/Pipeline.php(219): Illuminate/Http/Middleware/ValidatePathEncoding->handle()
#49 D:/Prabu/Projects/subscription-billing-metering/vendor/laravel/framework/src/Illuminate/Pipeline/Pipeline.php(137): Illuminate/Pipeline/Pipeline->{closure:{closure:Illuminate/Pipeline/Pipeline::carry():194}:195}()
#50 D:/Prabu/Projects/subscription-billing-metering/vendor/laravel/framework/src/Illuminate/Foundation/Http/Kernel.php(175): Illuminate/Pipeline/Pipeline->then()
#51 D:/Prabu/Projects/subscription-billing-metering/vendor/laravel/framework/src/Illuminate/Foundation/Http/Kernel.php(144): Illuminate/Foundation/Http/Kernel->sendRequestThroughRouter()
#52 D:/Prabu/Projects/subscription-billing-metering/vendor/laravel/framework/src/Illuminate/Foundation/Application.php(1228): Illuminate/Foundation/Http/Kernel->handle()
#53 D:/Prabu/Projects/subscription-billing-metering/public/index.php(20): Illuminate/Foundation/Application->handleRequest()
#54 D:/Prabu/Projects/subscription-billing-metering/vendor/laravel/framework/src/Illuminate/Foundation/resources/server.php(23): require_once('...')
#55 {main}

[previous exception] [object] (Illuminate\\Foundation\\ViteManifestNotFoundException(code: 0): Vite manifest not found at: D:\\Prabu\\Projects\\subscription-billing-metering\\public\\build/manifest.json at D:/Prabu/Projects/subscription-billing-metering/vendor/laravel/framework/src/Illuminate/Foundation/Vite.php:974)
[stacktrace]
#0 D:/Prabu/Projects/subscription-billing-metering/vendor/laravel/framework/src/Illuminate/Foundation/Vite.php(398): Illuminate/Foundation/Vite->manifest()
#1 D:/Prabu/Projects/subscription-billing-metering/storage/framework/views/37d6666605fe5018497496ca1e88448c.php(9): Illuminate/Foundation/Vite->__invoke()
#2 D:/Prabu/Projects/subscription-billing-metering/vendor/laravel/framework/src/Illuminate/Filesystem/Filesystem.php(123): require('...')
#3 D:/Prabu/Projects/subscription-billing-metering/vendor/laravel/framework/src/Illuminate/Filesystem/Filesystem.php(124): Illuminate/Filesystem/Filesystem::{closure:Illuminate/Filesystem/Filesystem::getRequire():120}()
#4 D:/Prabu/Projects/subscription-billing-metering/vendor/laravel/framework/src/Illuminate/View/Engines/PhpEngine.php(57): Illuminate/Filesystem/Filesystem->getRequire()
#5 D:/Prabu/Projects/subscription-billing-metering/vendor/laravel/framework/src/Illuminate/View/Engines/CompilerEngine.php(76): Illuminate/View/Engines/PhpEngine->evaluatePath()
#6 D:/Prabu/Projects/subscription-billing-metering/vendor/laravel/framework/src/Illuminate/View/View.php(208): Illuminate/View/Engines/CompilerEngine->get()
#7 D:/Prabu/Projects/subscription-billing-metering/vendor/laravel/framework/src/Illuminate/View/View.php(191): Illuminate/View/View->getContents()
#8 D:/Prabu/Projects/subscription-billing-metering/vendor/laravel/framework/src/Illuminate/View/View.php(160): Illuminate/View/View->renderContents()
#9 D:/Prabu/Projects/subscription-billing-metering/vendor/laravel/framework/src/Illuminate/Http/Response.php(82): Illuminate/View/View->render()
#10 D:/Prabu/Projects/subscription-billing-metering/vendor/laravel/framework/src/Illuminate/Http/Response.php(40): Illuminate/Http/Response->setContent()
#11 D:/Prabu/Projects/subscription-billing-metering/vendor/laravel/framework/src/Illuminate/Routing/Router.php(939): Illuminate/Http/Response->__construct()
#12 D:/Prabu/Projects/subscription-billing-metering/vendor/laravel/framework/src/Illuminate/Routing/Router.php(906): Illuminate/Routing/Router::toResponse()
#13 D:/Prabu/Projects/subscription-billing-metering/vendor/laravel/framework/src/Illuminate/Routing/Router.php(821): Illuminate/Routing/Router->prepareResponse()
#14 D:/Prabu/Projects/subscription-billing-metering/vendor/laravel/framework/src/Illuminate/Pipeline/Pipeline.php(180): Illuminate/Routing/Router->{closure:Illuminate/Routing/Router::runRouteWithinStack():821}()
#15 D:/Prabu/Projects/subscription-billing-metering/vendor/laravel/framework/src/Illuminate/Routing/Middleware/SubstituteBindings.php(52): Illuminate/Pipeline/Pipeline->{closure:Illuminate/Pipeline/Pipeline::prepareDestination():178}()
#16 D:/Prabu/Projects/subscription-billing-metering/vendor/laravel/framework/src/Illuminate/Pipeline/Pipeline.php(219): Illuminate/Routing/Middleware/SubstituteBindings->handle()
#17 D:/Prabu/Projects/subscription-billing-metering/vendor/laravel/framework/src/Illuminate/Foundation/Http/Middleware/PreventRequestForgery.php(104): Illuminate/Pipeline/Pipeline->{closure:{closure:Illuminate/Pipeline/Pipeline::carry():194}:195}()
#18 D:/Prabu/Projects/subscription-billing-metering/vendor/laravel/framework/src/Illuminate/Pipeline/Pipeline.php(219): Illuminate/Foundation/Http/Middleware/PreventRequestForgery->handle()
#19 D:/Prabu/Projects/subscription-billing-metering/vendor/laravel/framework/src/Illuminate/View/Middleware/ShareErrorsFromSession.php(48): Illuminate/Pipeline/Pipeline->{closure:{closure:Illuminate/Pipeline/Pipeline::carry():194}:195}()
#20 D:/Prabu/Projects/subscription-billing-metering/vendor/laravel/framework/src/Illuminate/Pipeline/Pipeline.php(219): Illuminate/View/Middleware/ShareErrorsFromSession->handle()
#21 D:/Prabu/Projects/subscription-billing-metering/vendor/laravel/framework/src/Illuminate/Session/Middleware/StartSession.php(120): Illuminate/Pipeline/Pipeline->{closure:{closure:Illuminate/Pipeline/Pipeline::carry():194}:195}()
#22 D:/Prabu/Projects/subscription-billing-metering/vendor/laravel/framework/src/Illuminate/Session/Middleware/StartSession.php(63): Illuminate/Session/Middleware/StartSession->handleStatefulRequest()
#23 D:/Prabu/Projects/subscription-billing-metering/vendor/laravel/framework/src/Illuminate/Pipeline/Pipeline.php(219): Illuminate/Session/Middleware/StartSession->handle()
#24 D:/Prabu/Projects/subscription-billing-metering/vendor/laravel/framework/src/Illuminate/Cookie/Middleware/AddQueuedCookiesToResponse.php(36): Illuminate/Pipeline/Pipeline->{closure:{closure:Illuminate/Pipeline/Pipeline::carry():194}:195}()
#25 D:/Prabu/Projects/subscription-billing-metering/vendor/laravel/framework/src/Illuminate/Pipeline/Pipeline.php(219): Illuminate/Cookie/Middleware/AddQueuedCookiesToResponse->handle()
#26 D:/Prabu/Projects/subscription-billing-metering/vendor/laravel/framework/src/Illuminate/Cookie/Middleware/EncryptCookies.php(74): Illuminate/Pipeline/Pipeline->{closure:{closure:Illuminate/Pipeline/Pipeline::carry():194}:195}()
#27 D:/Prabu/Projects/subscription-billing-metering/vendor/laravel/framework/src/Illuminate/Pipeline/Pipeline.php(219): Illuminate/Cookie/Middleware/EncryptCookies->handle()
#28 D:/Prabu/Projects/subscription-billing-metering/vendor/laravel/framework/src/Illuminate/Pipeline/Pipeline.php(137): Illuminate/Pipeline/Pipeline->{closure:{closure:Illuminate/Pipeline/Pipeline::carry():194}:195}()
#29 D:/Prabu/Projects/subscription-billing-metering/vendor/laravel/framework/src/Illuminate/Routing/Router.php(821): Illuminate/Pipeline/Pipeline->then()
#30 D:/Prabu/Projects/subscription-billing-metering/vendor/laravel/framework/src/Illuminate/Routing/Router.php(800): Illuminate/Routing/Router->runRouteWithinStack()
#31 D:/Prabu/Projects/subscription-billing-metering/vendor/laravel/framework/src/Illuminate/Routing/Router.php(764): Illuminate/Routing/Router->runRoute()
#32 D:/Prabu/Projects/subscription-billing-metering/vendor/laravel/framework/src/Illuminate/Routing/Router.php(753): Illuminate/Routing/Router->dispatchToRoute()
#33 D:/Prabu/Projects/subscription-billing-metering/vendor/laravel/framework/src/Illuminate/Foundation/Http/Kernel.php(200): Illuminate/Routing/Router->dispatch()
#34 D:/Prabu/Projects/subscription-billing-metering/vendor/laravel/framework/src/Illuminate/Pipeline/Pipeline.php(180): Illuminate/Foundation/Http/Kernel->{closure:Illuminate/Foundation/Http/Kernel::dispatchToRouter():197}()
#35 D:/Prabu/Projects/subscription-billing-metering/vendor/laravel/framework/src/Illuminate/Foundation/Http/Middleware/TransformsRequest.php(21): Illuminate/Pipeline/Pipeline->{closure:Illuminate/Pipeline/Pipeline::prepareDestination():178}()
#36 D:/Prabu/Projects/subscription-billing-metering/vendor/laravel/framework/src/Illuminate/Foundation/Http/Middleware/ConvertEmptyStringsToNull.php(31): Illuminate/Foundation/Http/Middleware/TransformsRequest->handle()
#37 D:/Prabu/Projects/subscription-billing-metering/vendor/laravel/framework/src/Illuminate/Pipeline/Pipeline.php(219): Illuminate/Foundation/Http/Middleware/ConvertEmptyStringsToNull->handle()
#38 D:/Prabu/Projects/subscription-billing-metering/vendor/laravel/framework/src/Illuminate/Foundation/Http/Middleware/TransformsRequest.php(21): Illuminate/Pipeline/Pipeline->{closure:{closure:Illuminate/Pipeline/Pipeline::carry():194}:195}()
#39 D:/Prabu/Projects/subscription-billing-metering/vendor/laravel/framework/src/Illuminate/Foundation/Http/Middleware/TrimStrings.php(51): Illuminate/Foundation/Http/Middleware/TransformsRequest->handle()
#40 D:/Prabu/Projects/subscription-billing-metering/vendor/laravel/framework/src/Illuminate/Pipeline/Pipeline.php(219): Illuminate/Foundation/Http/Middleware/TrimStrings->handle()
#41 D:/Prabu/Projects/subscription-billing-metering/vendor/laravel/framework/src/Illuminate/Http/Middleware/ValidatePostSize.php(27): Illuminate/Pipeline/Pipeline->{closure:{closure:Illuminate/Pipeline/Pipeline::carry():194}:195}()
#42 D:/Prabu/Projects/subscription-billing-metering/vendor/laravel/framework/src/Illuminate/Pipeline/Pipeline.php(219): Illuminate/Http/Middleware/ValidatePostSize->handle()
#43 D:/Prabu/Projects/subscription-billing-metering/vendor/laravel/framework/src/Illuminate/Foundation/Http/Middleware/PreventRequestsDuringMaintenance.php(110): Illuminate/Pipeline/Pipeline->{closure:{closure:Illuminate/Pipeline/Pipeline::carry():194}:195}()
#44 D:/Prabu/Projects/subscription-billing-metering/vendor/laravel/framework/src/Illuminate/Pipeline/Pipeline.php(219): Illuminate/Foundation/Http/Middleware/PreventRequestsDuringMaintenance->handle()
#45 D:/Prabu/Projects/subscription-billing-metering/vendor/laravel/framework/src/Illuminate/Http/Middleware/HandleCors.php(61): Illuminate/Pipeline/Pipeline->{closure:{closure:Illuminate/Pipeline/Pipeline::carry():194}:195}()
#46 D:/Prabu/Projects/subscription-billing-metering/vendor/laravel/framework/src/Illuminate/Pipeline/Pipeline.php(219): Illuminate/Http/Middleware/HandleCors->handle()
#47 D:/Prabu/Projects/subscription-billing-metering/vendor/laravel/framework/src/Illuminate/Http/Middleware/TrustProxies.php(58): Illuminate/Pipeline/Pipeline->{closure:{closure:Illuminate/Pipeline/Pipeline::carry():194}:195}()
#48 D:/Prabu/Projects/subscription-billing-metering/vendor/laravel/framework/src/Illuminate/Pipeline/Pipeline.php(219): Illuminate/Http/Middleware/TrustProxies->handle()
#49 D:/Prabu/Projects/subscription-billing-metering/vendor/laravel/framework/src/Illuminate/Foundation/Http/Middleware/InvokeDeferredCallbacks.php(22): Illuminate/Pipeline/Pipeline->{closure:{closure:Illuminate/Pipeline/Pipeline::carry():194}:195}()
#50 D:/Prabu/Projects/subscription-billing-metering/vendor/laravel/framework/src/Illuminate/Pipeline/Pipeline.php(219): Illuminate/Foundation/Http/Middleware/InvokeDeferredCallbacks->handle()
#51 D:/Prabu/Projects/subscription-billing-metering/vendor/laravel/framework/src/Illuminate/Http/Middleware/ValidatePathEncoding.php(28): Illuminate/Pipeline/Pipeline->{closure:{closure:Illuminate/Pipeline/Pipeline::carry():194}:195}()
#52 D:/Prabu/Projects/subscription-billing-metering/vendor/laravel/framework/src/Illuminate/Pipeline/Pipeline.php(219): Illuminate/Http/Middleware/ValidatePathEncoding->handle()
#53 D:/Prabu/Projects/subscription-billing-metering/vendor/laravel/framework/src/Illuminate/Pipeline/Pipeline.php(137): Illuminate/Pipeline/Pipeline->{closure:{closure:Illuminate/Pipeline/Pipeline::carry():194}:195}()
#54 D:/Prabu/Projects/subscription-billing-metering/vendor/laravel/framework/src/Illuminate/Foundation/Http/Kernel.php(175): Illuminate/Pipeline/Pipeline->then()
#55 D:/Prabu/Projects/subscription-billing-metering/vendor/laravel/framework/src/Illuminate/Foundation/Http/Kernel.php(144): Illuminate/Foundation/Http/Kernel->sendRequestThroughRouter()
#56 D:/Prabu/Projects/subscription-billing-metering/vendor/laravel/framework/src/Illuminate/Foundation/Application.php(1228): Illuminate/Foundation/Http/Kernel->handle()
#57 D:/Prabu/Projects/subscription-billing-metering/public/index.php(20): Illuminate/Foundation/Application->handleRequest()
#58 D:/Prabu/Projects/subscription-billing-metering/vendor/laravel/framework/src/Illuminate/Foundation/resources/server.php(23): require_once('...')
#59 {main}
"} 
[2026-10-04 03:04:30] local.ERROR: Vite manifest not found at: D:\Prabu\Projects\subscription-billing-metering\public\build/manifest.json (View: D:\Prabu\Projects\subscription-billing-metering\resources\views\dashboard.blade.php) {"exception":"[object] (Illuminate\\View\\ViewException(code: 0): Vite manifest not found at: D:\\Prabu\\Projects\\subscription-billing-metering\\public\\build/manifest.json (View: D:\\Prabu\\Projects\\subscription-billing-metering\\resources\\views\\dashboard.blade.php) at D:/Prabu/Projects/subscription-billing-metering/vendor/laravel/framework/src/Illuminate/Foundation/Vite.php:974)
[stacktrace]
#0 D:/Prabu/Projects/subscription-billing-metering/vendor/laravel/framework/src/Illuminate/View/Engines/PhpEngine.php(59): Illuminate/View/Engines/CompilerEngine->handleViewException()
#1 D:/Prabu/Projects/subscription-billing-metering/vendor/laravel/framework/src/Illuminate/View/Engines/CompilerEngine.php(76): Illuminate/View/Engines/PhpEngine->evaluatePath()
#2 D:/Prabu/Projects/subscription-billing-metering/vendor/laravel/framework/src/Illuminate/View/View.php(208): Illuminate/View/Engines/CompilerEngine->get()
#3 D:/Prabu/Projects/subscription-billing-metering/vendor/laravel/framework/src/Illuminate/View/View.php(191): Illuminate/View/View->getContents()
#4 D:/Prabu/Projects/subscription-billing-metering/vendor/laravel/framework/src/Illuminate/View/View.php(160): Illuminate/View/View->renderContents()
#5 D:/Prabu/Projects/subscription-billing-metering/vendor/laravel/framework/src/Illuminate/Http/Response.php(82): Illuminate/View/View->render()
#6 D:/Prabu/Projects/subscription-billing-metering/vendor/laravel/framework/src/Illuminate/Http/Response.php(40): Illuminate/Http/Response->setContent()
#7 D:/Prabu/Projects/subscription-billing-metering/vendor/laravel/framework/src/Illuminate/Routing/Router.php(939): Illuminate/Http/Response->__construct()
#8 D:/Prabu/Projects/subscription-billing-metering/vendor/laravel/framework/src/Illuminate/Routing/Router.php(906): Illuminate/Routing/Router::toResponse()
#9 D:/Prabu/Projects/subscription-billing-metering/vendor/laravel/framework/src/Illuminate/Routing/Router.php(821): Illuminate/Routing/Router->prepareResponse()
#10 D:/Prabu/Projects/subscription-billing-metering/vendor/laravel/framework/src/Illuminate/Pipeline/Pipeline.php(180): Illuminate/Routing/Router->{closure:Illuminate/Routing/Router::runRouteWithinStack():821}()
#11 D:/Prabu/Projects/subscription-billing-metering/vendor/laravel/framework/src/Illuminate/Routing/Middleware/SubstituteBindings.php(52): Illuminate/Pipeline/Pipeline->{closure:Illuminate/Pipeline/Pipeline::prepareDestination():178}()
#12 D:/Prabu/Projects/subscription-billing-metering/vendor/laravel/framework/src/Illuminate/Pipeline/Pipeline.php(219): Illuminate/Routing/Middleware/SubstituteBindings->handle()
#13 D:/Prabu/Projects/subscription-billing-metering/vendor/laravel/framework/src/Illuminate/Foundation/Http/Middleware/PreventRequestForgery.php(104): Illuminate/Pipeline/Pipeline->{closure:{closure:Illuminate/Pipeline/Pipeline::carry():194}:195}()
#14 D:/Prabu/Projects/subscription-billing-metering/vendor/laravel/framework/src/Illuminate/Pipeline/Pipeline.php(219): Illuminate/Foundation/Http/Middleware/PreventRequestForgery->handle()
#15 D:/Prabu/Projects/subscription-billing-metering/vendor/laravel/framework/src/Illuminate/View/Middleware/ShareErrorsFromSession.php(48): Illuminate/Pipeline/Pipeline->{closure:{closure:Illuminate/Pipeline/Pipeline::carry():194}:195}()
#16 D:/Prabu/Projects/subscription-billing-metering/vendor/laravel/framework/src/Illuminate/Pipeline/Pipeline.php(219): Illuminate/View/Middleware/ShareErrorsFromSession->handle()
#17 D:/Prabu/Projects/subscription-billing-metering/vendor/laravel/framework/src/Illuminate/Session/Middleware/StartSession.php(120): Illuminate/Pipeline/Pipeline->{closure:{closure:Illuminate/Pipeline/Pipeline::carry():194}:195}()
#18 D:/Prabu/Projects/subscription-billing-metering/vendor/laravel/framework/src/Illuminate/Session/Middleware/StartSession.php(63): Illuminate/Session/Middleware/StartSession->handleStatefulRequest()
#19 D:/Prabu/Projects/subscription-billing-metering/vendor/laravel/framework/src/Illuminate/Pipeline/Pipeline.php(219): Illuminate/Session/Middleware/StartSession->handle()
#20 D:/Prabu/Projects/subscription-billing-metering/vendor/laravel/framework/src/Illuminate/Cookie/Middleware/AddQueuedCookiesToResponse.php(36): Illuminate/Pipeline/Pipeline->{closure:{closure:Illuminate/Pipeline/Pipeline::carry():194}:195}()
#21 D:/Prabu/Projects/subscription-billing-metering/vendor/laravel/framework/src/Illuminate/Pipeline/Pipeline.php(219): Illuminate/Cookie/Middleware/AddQueuedCookiesToResponse->handle()
#22 D:/Prabu/Projects/subscription-billing-metering/vendor/laravel/framework/src/Illuminate/Cookie/Middleware/EncryptCookies.php(74): Illuminate/Pipeline/Pipeline->{closure:{closure:Illuminate/Pipeline/Pipeline::carry():194}:195}()
#23 D:/Prabu/Projects/subscription-billing-metering/vendor/laravel/framework/src/Illuminate/Pipeline/Pipeline.php(219): Illuminate/Cookie/Middleware/EncryptCookies->handle()
#24 D:/Prabu/Projects/subscription-billing-metering/vendor/laravel/framework/src/Illuminate/Pipeline/Pipeline.php(137): Illuminate/Pipeline/Pipeline->{closure:{closure:Illuminate/Pipeline/Pipeline::carry():194}:195}()
#25 D:/Prabu/Projects/subscription-billing-metering/vendor/laravel/framework/src/Illuminate/Routing/Router.php(821): Illuminate/Pipeline/Pipeline->then()
#26 D:/Prabu/Projects/subscription-billing-metering/vendor/laravel/framework/src/Illuminate/Routing/Router.php(800): Illuminate/Routing/Router->runRouteWithinStack()
#27 D:/Prabu/Projects/subscription-billing-metering/vendor/laravel/framework/src/Illuminate/Routing/Router.php(764): Illuminate/Routing/Router->runRoute()
#28 D:/Prabu/Projects/subscription-billing-metering/vendor/laravel/framework/src/Illuminate/Routing/Router.php(753): Illuminate/Routing/Router->dispatchToRoute()
#29 D:/Prabu/Projects/subscription-billing-metering/vendor/laravel/framework/src/Illuminate/Foundation/Http/Kernel.php(200): Illuminate/Routing/Router->dispatch()
#30 D:/Prabu/Projects/subscription-billing-metering/vendor/laravel/framework/src/Illuminate/Pipeline/Pipeline.php(180): Illuminate/Foundation/Http/Kernel->{closure:Illuminate/Foundation/Http/Kernel::dispatchToRouter():197}()
#31 D:/Prabu/Projects/subscription-billing-metering/vendor/laravel/framework/src/Illuminate/Foundation/Http/Middleware/TransformsRequest.php(21): Illuminate/Pipeline/Pipeline->{closure:Illuminate/Pipeline/Pipeline::prepareDestination():178}()
#32 D:/Prabu/Projects/subscription-billing-metering/vendor/laravel/framework/src/Illuminate/Foundation/Http/Middleware/ConvertEmptyStringsToNull.php(31): Illuminate/Foundation/Http/Middleware/TransformsRequest->handle()
#33 D:/Prabu/Projects/subscription-billing-metering/vendor/laravel/framework/src/Illuminate/Pipeline/Pipeline.php(219): Illuminate/Foundation/Http/Middleware/ConvertEmptyStringsToNull->handle()
#34 D:/Prabu/Projects/subscription-billing-metering/vendor/laravel/framework/src/Illuminate/Foundation/Http/Middleware/TransformsRequest.php(21): Illuminate/Pipeline/Pipeline->{closure:{closure:Illuminate/Pipeline/Pipeline::carry():194}:195}()
#35 D:/Prabu/Projects/subscription-billing-metering/vendor/laravel/framework/src/Illuminate/Foundation/Http/Middleware/TrimStrings.php(51): Illuminate/Foundation/Http/Middleware/TransformsRequest->handle()
#36 D:/Prabu/Projects/subscription-billing-metering/vendor/laravel/framework/src/Illuminate/Pipeline/Pipeline.php(219): Illuminate/Foundation/Http/Middleware/TrimStrings->handle()
#37 D:/Prabu/Projects/subscription-billing-metering/vendor/laravel/framework/src/Illuminate/Http/Middleware/ValidatePostSize.php(27): Illuminate/Pipeline/Pipeline->{closure:{closure:Illuminate/Pipeline/Pipeline::carry():194}:195}()
#38 D:/Prabu/Projects/subscription-billing-metering/vendor/laravel/framework/src/Illuminate/Pipeline/Pipeline.php(219): Illuminate/Http/Middleware/ValidatePostSize->handle()
#39 D:/Prabu/Projects/subscription-billing-metering/vendor/laravel/framework/src/Illuminate/Foundation/Http/Middleware/PreventRequestsDuringMaintenance.php(110): Illuminate/Pipeline/Pipeline->{closure:{closure:Illuminate/Pipeline/Pipeline::carry():194}:195}()
#40 D:/Prabu/Projects/subscription-billing-metering/vendor/laravel/framework/src/Illuminate/Pipeline/Pipeline.php(219): Illuminate/Foundation/Http/Middleware/PreventRequestsDuringMaintenance->handle()
#41 D:/Prabu/Projects/subscription-billing-metering/vendor/laravel/framework/src/Illuminate/Http/Middleware/HandleCors.php(61): Illuminate/Pipeline/Pipeline->{closure:{closure:Illuminate/Pipeline/Pipeline::carry():194}:195}()
#42 D:/Prabu/Projects/subscription-billing-metering/vendor/laravel/framework/src/Illuminate/Pipeline/Pipeline.php(219): Illuminate/Http/Middleware/HandleCors->handle()
#43 D:/Prabu/Projects/subscription-billing-metering/vendor/laravel/framework/src/Illuminate/Http/Middleware/TrustProxies.php(58): Illuminate/Pipeline/Pipeline->{closure:{closure:Illuminate/Pipeline/Pipeline::carry():194}:195}()
#44 D:/Prabu/Projects/subscription-billing-metering/vendor/laravel/framework/src/Illuminate/Pipeline/Pipeline.php(219): Illuminate/Http/Middleware/TrustProxies->handle()
#45 D:/Prabu/Projects/subscription-billing-metering/vendor/laravel/framework/src/Illuminate/Foundation/Http/Middleware/InvokeDeferredCallbacks.php(22): Illuminate/Pipeline/Pipeline->{closure:{closure:Illuminate/Pipeline/Pipeline::carry():194}:195}()
#46 D:/Prabu/Projects/subscription-billing-metering/vendor/laravel/framework/src/Illuminate/Pipeline/Pipeline.php(219): Illuminate/Foundation/Http/Middleware/InvokeDeferredCallbacks->handle()
#47 D:/Prabu/Projects/subscription-billing-metering/vendor/laravel/framework/src/Illuminate/Http/Middleware/ValidatePathEncoding.php(28): Illuminate/Pipeline/Pipeline->{closure:{closure:Illuminate/Pipeline/Pipeline::carry():194}:195}()
#48 D:/Prabu/Projects/subscription-billing-metering/vendor/laravel/framework/src/Illuminate/Pipeline/Pipeline.php(219): Illuminate/Http/Middleware/ValidatePathEncoding->handle()
#49 D:/Prabu/Projects/subscription-billing-metering/vendor/laravel/framework/src/Illuminate/Pipeline/Pipeline.php(137): Illuminate/Pipeline/Pipeline->{closure:{closure:Illuminate/Pipeline/Pipeline::carry():194}:195}()
#50 D:/Prabu/Projects/subscription-billing-metering/vendor/laravel/framework/src/Illuminate/Foundation/Http/Kernel.php(175): Illuminate/Pipeline/Pipeline->then()
#51 D:/Prabu/Projects/subscription-billing-metering/vendor/laravel/framework/src/Illuminate/Foundation/Http/Kernel.php(144): Illuminate/Foundation/Http/Kernel->sendRequestThroughRouter()
#52 D:/Prabu/Projects/subscription-billing-metering/vendor/laravel/framework/src/Illuminate/Foundation/Application.php(1228): Illuminate/Foundation/Http/Kernel->handle()
#53 D:/Prabu/Projects/subscription-billing-metering/public/index.php(20): Illuminate/Foundation/Application->handleRequest()
#54 D:/Prabu/Projects/subscription-billing-metering/vendor/laravel/framework/src/Illuminate/Foundation/resources/server.php(23): require_once('...')
#55 {main}

[previous exception] [object] (Illuminate\\Foundation\\ViteManifestNotFoundException(code: 0): Vite manifest not found at: D:\\Prabu\\Projects\\subscription-billing-metering\\public\\build/manifest.json at D:/Prabu/Projects/subscription-billing-metering/vendor/laravel/framework/src/Illuminate/Foundation/Vite.php:974)
[stacktrace]
#0 D:/Prabu/Projects/subscription-billing-metering/vendor/laravel/framework/src/Illuminate/Foundation/Vite.php(398): Illuminate/Foundation/Vite->manifest()
#1 D:/Prabu/Projects/subscription-billing-metering/storage/framework/views/37d6666605fe5018497496ca1e88448c.php(9): Illuminate/Foundation/Vite->__invoke()
#2 D:/Prabu/Projects/subscription-billing-metering/vendor/laravel/framework/src/Illuminate/Filesystem/Filesystem.php(123): require('...')
#3 D:/Prabu/Projects/subscription-billing-metering/vendor/laravel/framework/src/Illuminate/Filesystem/Filesystem.php(124): Illuminate/Filesystem/Filesystem::{closure:Illuminate/Filesystem/Filesystem::getRequire():120}()
#4 D:/Prabu/Projects/subscription-billing-metering/vendor/laravel/framework/src/Illuminate/View/Engines/PhpEngine.php(57): Illuminate/Filesystem/Filesystem->getRequire()
#5 D:/Prabu/Projects/subscription-billing-metering/vendor/laravel/framework/src/Illuminate/View/Engines/CompilerEngine.php(76): Illuminate/View/Engines/PhpEngine->evaluatePath()
#6 D:/Prabu/Projects/subscription-billing-metering/vendor/laravel/framework/src/Illuminate/View/View.php(208): Illuminate/View/Engines/CompilerEngine->get()
#7 D:/Prabu/Projects/subscription-billing-metering/vendor/laravel/framework/src/Illuminate/View/View.php(191): Illuminate/View/View->getContents()
#8 D:/Prabu/Projects/subscription-billing-metering/vendor/laravel/framework/src/Illuminate/View/View.php(160): Illuminate/View/View->renderContents()
#9 D:/Prabu/Projects/subscription-billing-metering/vendor/laravel/framework/src/Illuminate/Http/Response.php(82): Illuminate/View/View->render()
#10 D:/Prabu/Projects/subscription-billing-metering/vendor/laravel/framework/src/Illuminate/Http/Response.php(40): Illuminate/Http/Response->setContent()
#11 D:/Prabu/Projects/subscription-billing-metering/vendor/laravel/framework/src/Illuminate/Routing/Router.php(939): Illuminate/Http/Response->__construct()
#12 D:/Prabu/Projects/subscription-billing-metering/vendor/laravel/framework/src/Illuminate/Routing/Router.php(906): Illuminate/Routing/Router::toResponse()
#13 D:/Prabu/Projects/subscription-billing-metering/vendor/laravel/framework/src/Illuminate/Routing/Router.php(821): Illuminate/Routing/Router->prepareResponse()
#14 D:/Prabu/Projects/subscription-billing-metering/vendor/laravel/framework/src/Illuminate/Pipeline/Pipeline.php(180): Illuminate/Routing/Router->{closure:Illuminate/Routing/Router::runRouteWithinStack():821}()
#15 D:/Prabu/Projects/subscription-billing-metering/vendor/laravel/framework/src/Illuminate/Routing/Middleware/SubstituteBindings.php(52): Illuminate/Pipeline/Pipeline->{closure:Illuminate/Pipeline/Pipeline::prepareDestination():178}()
#16 D:/Prabu/Projects/subscription-billing-metering/vendor/laravel/framework/src/Illuminate/Pipeline/Pipeline.php(219): Illuminate/Routing/Middleware/SubstituteBindings->handle()
#17 D:/Prabu/Projects/subscription-billing-metering/vendor/laravel/framework/src/Illuminate/Foundation/Http/Middleware/PreventRequestForgery.php(104): Illuminate/Pipeline/Pipeline->{closure:{closure:Illuminate/Pipeline/Pipeline::carry():194}:195}()
#18 D:/Prabu/Projects/subscription-billing-metering/vendor/laravel/framework/src/Illuminate/Pipeline/Pipeline.php(219): Illuminate/Foundation/Http/Middleware/PreventRequestForgery->handle()
#19 D:/Prabu/Projects/subscription-billing-metering/vendor/laravel/framework/src/Illuminate/View/Middleware/ShareErrorsFromSession.php(48): Illuminate/Pipeline/Pipeline->{closure:{closure:Illuminate/Pipeline/Pipeline::carry():194}:195}()
#20 D:/Prabu/Projects/subscription-billing-metering/vendor/laravel/framework/src/Illuminate/Pipeline/Pipeline.php(219): Illuminate/View/Middleware/ShareErrorsFromSession->handle()
#21 D:/Prabu/Projects/subscription-billing-metering/vendor/laravel/framework/src/Illuminate/Session/Middleware/StartSession.php(120): Illuminate/Pipeline/Pipeline->{closure:{closure:Illuminate/Pipeline/Pipeline::carry():194}:195}()
#22 D:/Prabu/Projects/subscription-billing-metering/vendor/laravel/framework/src/Illuminate/Session/Middleware/StartSession.php(63): Illuminate/Session/Middleware/StartSession->handleStatefulRequest()
#23 D:/Prabu/Projects/subscription-billing-metering/vendor/laravel/framework/src/Illuminate/Pipeline/Pipeline.php(219): Illuminate/Session/Middleware/StartSession->handle()
#24 D:/Prabu/Projects/subscription-billing-metering/vendor/laravel/framework/src/Illuminate/Cookie/Middleware/AddQueuedCookiesToResponse.php(36): Illuminate/Pipeline/Pipeline->{closure:{closure:Illuminate/Pipeline/Pipeline::carry():194}:195}()
#25 D:/Prabu/Projects/subscription-billing-metering/vendor/laravel/framework/src/Illuminate/Pipeline/Pipeline.php(219): Illuminate/Cookie/Middleware/AddQueuedCookiesToResponse->handle()
#26 D:/Prabu/Projects/subscription-billing-metering/vendor/laravel/framework/src/Illuminate/Cookie/Middleware/EncryptCookies.php(74): Illuminate/Pipeline/Pipeline->{closure:{closure:Illuminate/Pipeline/Pipeline::carry():194}:195}()
#27 D:/Prabu/Projects/subscription-billing-metering/vendor/laravel/framework/src/Illuminate/Pipeline/Pipeline.php(219): Illuminate/Cookie/Middleware/EncryptCookies->handle()
#28 D:/Prabu/Projects/subscription-billing-metering/vendor/laravel/framework/src/Illuminate/Pipeline/Pipeline.php(137): Illuminate/Pipeline/Pipeline->{closure:{closure:Illuminate/Pipeline/Pipeline::carry():194}:195}()
#29 D:/Prabu/Projects/subscription-billing-metering/vendor/laravel/framework/src/Illuminate/Routing/Router.php(821): Illuminate/Pipeline/Pipeline->then()
#30 D:/Prabu/Projects/subscription-billing-metering/vendor/laravel/framework/src/Illuminate/Routing/Router.php(800): Illuminate/Routing/Router->runRouteWithinStack()
#31 D:/Prabu/Projects/subscription-billing-metering/vendor/laravel/framework/src/Illuminate/Routing/Router.php(764): Illuminate/Routing/Router->runRoute()
#32 D:/Prabu/Projects/subscription-billing-metering/vendor/laravel/framework/src/Illuminate/Routing/Router.php(753): Illuminate/Routing/Router->dispatchToRoute()
#33 D:/Prabu/Projects/subscription-billing-metering/vendor/laravel/framework/src/Illuminate/Foundation/Http/Kernel.php(200): Illuminate/Routing/Router->dispatch()
#34 D:/Prabu/Projects/subscription-billing-metering/vendor/laravel/framework/src/Illuminate/Pipeline/Pipeline.php(180): Illuminate/Foundation/Http/Kernel->{closure:Illuminate/Foundation/Http/Kernel::dispatchToRouter():197}()
#35 D:/Prabu/Projects/subscription-billing-metering/vendor/laravel/framework/src/Illuminate/Foundation/Http/Middleware/TransformsRequest.php(21): Illuminate/Pipeline/Pipeline->{closure:Illuminate/Pipeline/Pipeline::prepareDestination():178}()
#36 D:/Prabu/Projects/subscription-billing-metering/vendor/laravel/framework/src/Illuminate/Foundation/Http/Middleware/ConvertEmptyStringsToNull.php(31): Illuminate/Foundation/Http/Middleware/TransformsRequest->handle()
#37 D:/Prabu/Projects/subscription-billing-metering/vendor/laravel/framework/src/Illuminate/Pipeline/Pipeline.php(219): Illuminate/Foundation/Http/Middleware/ConvertEmptyStringsToNull->handle()
#38 D:/Prabu/Projects/subscription-billing-metering/vendor/laravel/framework/src/Illuminate/Foundation/Http/Middleware/TransformsRequest.php(21): Illuminate/Pipeline/Pipeline->{closure:{closure:Illuminate/Pipeline/Pipeline::carry():194}:195}()
#39 D:/Prabu/Projects/subscription-billing-metering/vendor/laravel/framework/src/Illuminate/Foundation/Http/Middleware/TrimStrings.php(51): Illuminate/Foundation/Http/Middleware/TransformsRequest->handle()
#40 D:/Prabu/Projects/subscription-billing-metering/vendor/laravel/framework/src/Illuminate/Pipeline/Pipeline.php(219): Illuminate/Foundation/Http/Middleware/TrimStrings->handle()
#41 D:/Prabu/Projects/subscription-billing-metering/vendor/laravel/framework/src/Illuminate/Http/Middleware/ValidatePostSize.php(27): Illuminate/Pipeline/Pipeline->{closure:{closure:Illuminate/Pipeline/Pipeline::carry():194}:195}()
#42 D:/Prabu/Projects/subscription-billing-metering/vendor/laravel/framework/src/Illuminate/Pipeline/Pipeline.php(219): Illuminate/Http/Middleware/ValidatePostSize->handle()
#43 D:/Prabu/Projects/subscription-billing-metering/vendor/laravel/framework/src/Illuminate/Foundation/Http/Middleware/PreventRequestsDuringMaintenance.php(110): Illuminate/Pipeline/Pipeline->{closure:{closure:Illuminate/Pipeline/Pipeline::carry():194}:195}()
#44 D:/Prabu/Projects/subscription-billing-metering/vendor/laravel/framework/src/Illuminate/Pipeline/Pipeline.php(219): Illuminate/Foundation/Http/Middleware/PreventRequestsDuringMaintenance->handle()
#45 D:/Prabu/Projects/subscription-billing-metering/vendor/laravel/framework/src/Illuminate/Http/Middleware/HandleCors.php(61): Illuminate/Pipeline/Pipeline->{closure:{closure:Illuminate/Pipeline/Pipeline::carry():194}:195}()
#46 D:/Prabu/Projects/subscription-billing-metering/vendor/laravel/framework/src/Illuminate/Pipeline/Pipeline.php(219): Illuminate/Http/Middleware/HandleCors->handle()
#47 D:/Prabu/Projects/subscription-billing-metering/vendor/laravel/framework/src/Illuminate/Http/Middleware/TrustProxies.php(58): Illuminate/Pipeline/Pipeline->{closure:{closure:Illuminate/Pipeline/Pipeline::carry():194}:195}()
#48 D:/Prabu/Projects/subscription-billing-metering/vendor/laravel/framework/src/Illuminate/Pipeline/Pipeline.php(219): Illuminate/Http/Middleware/TrustProxies->handle()
#49 D:/Prabu/Projects/subscription-billing-metering/vendor/laravel/framework/src/Illuminate/Foundation/Http/Middleware/InvokeDeferredCallbacks.php(22): Illuminate/Pipeline/Pipeline->{closure:{closure:Illuminate/Pipeline/Pipeline::carry():194}:195}()
#50 D:/Prabu/Projects/subscription-billing-metering/vendor/laravel/framework/src/Illuminate/Pipeline/Pipeline.php(219): Illuminate/Foundation/Http/Middleware/InvokeDeferredCallbacks->handle()
#51 D:/Prabu/Projects/subscription-billing-metering/vendor/laravel/framework/src/Illuminate/Http/Middleware/ValidatePathEncoding.php(28): Illuminate/Pipeline/Pipeline->{closure:{closure:Illuminate/Pipeline/Pipeline::carry():194}:195}()
#52 D:/Prabu/Projects/subscription-billing-metering/vendor/laravel/framework/src/Illuminate/Pipeline/Pipeline.php(219): Illuminate/Http/Middleware/ValidatePathEncoding->handle()
#53 D:/Prabu/Projects/subscription-billing-metering/vendor/laravel/framework/src/Illuminate/Pipeline/Pipeline.php(137): Illuminate/Pipeline/Pipeline->{closure:{closure:Illuminate/Pipeline/Pipeline::carry():194}:195}()
#54 D:/Prabu/Projects/subscription-billing-metering/vendor/laravel/framework/src/Illuminate/Foundation/Http/Kernel.php(175): Illuminate/Pipeline/Pipeline->then()
#55 D:/Prabu/Projects/subscription-billing-metering/vendor/laravel/framework/src/Illuminate/Foundation/Http/Kernel.php(144): Illuminate/Foundation/Http/Kernel->sendRequestThroughRouter()
#56 D:/Prabu/Projects/subscription-billing-metering/vendor/laravel/framework/src/Illuminate/Foundation/Application.php(1228): Illuminate/Foundation/Http/Kernel->handle()
#57 D:/Prabu/Projects/subscription-billing-metering/public/index.php(20): Illuminate/Foundation/Application->handleRequest()
#58 D:/Prabu/Projects/subscription-billing-metering/vendor/laravel/framework/src/Illuminate/Foundation/resources/server.php(23): require_once('...')
#59 {main}
"} 
[2026-10-04 09:42:57] local.ERROR: Class "App\Http\Requests\StoreCustomerRequest" does not exist {"exception":"[object] (ReflectionException(code: -1): Class \"App\\Http\\Requests\\StoreCustomerRequest\" does not exist at D:/Prabu/Projects/subscription-billing-metering/vendor/laravel/framework/src/Illuminate/Routing/ResolvesRouteDependencies.php:88)
[stacktrace]
#0 D:/Prabu/Projects/subscription-billing-metering/vendor/laravel/framework/src/Illuminate/Routing/ResolvesRouteDependencies.php(88): ReflectionClass->__construct()
#1 D:/Prabu/Projects/subscription-billing-metering/vendor/laravel/framework/src/Illuminate/Routing/ResolvesRouteDependencies.php(51): Illuminate/Routing/ControllerDispatcher->transformDependency()
#2 D:/Prabu/Projects/subscription-billing-metering/vendor/laravel/framework/src/Illuminate/Routing/ResolvesRouteDependencies.php(30): Illuminate/Routing/ControllerDispatcher->resolveMethodDependencies()
#3 D:/Prabu/Projects/subscription-billing-metering/vendor/laravel/framework/src/Illuminate/Routing/ControllerDispatcher.php(59): Illuminate/Routing/ControllerDispatcher->resolveClassMethodDependencies()
#4 D:/Prabu/Projects/subscription-billing-metering/vendor/laravel/framework/src/Illuminate/Routing/ControllerDispatcher.php(40): Illuminate/Routing/ControllerDispatcher->resolveParameters()
#5 D:/Prabu/Projects/subscription-billing-metering/vendor/laravel/framework/src/Illuminate/Routing/Route.php(276): Illuminate/Routing/ControllerDispatcher->dispatch()
#6 D:/Prabu/Projects/subscription-billing-metering/vendor/laravel/framework/src/Illuminate/Routing/Route.php(216): Illuminate/Routing/Route->runController()
#7 D:/Prabu/Projects/subscription-billing-metering/vendor/laravel/framework/src/Illuminate/Routing/Router.php(822): Illuminate/Routing/Route->run()
#8 D:/Prabu/Projects/subscription-billing-metering/vendor/laravel/framework/src/Illuminate/Pipeline/Pipeline.php(180): Illuminate/Routing/Router->{closure:Illuminate/Routing/Router::runRouteWithinStack():821}()
#9 D:/Prabu/Projects/subscription-billing-metering/vendor/laravel/framework/src/Illuminate/Routing/Middleware/SubstituteBindings.php(52): Illuminate/Pipeline/Pipeline->{closure:Illuminate/Pipeline/Pipeline::prepareDestination():178}()
#10 D:/Prabu/Projects/subscription-billing-metering/vendor/laravel/framework/src/Illuminate/Pipeline/Pipeline.php(219): Illuminate/Routing/Middleware/SubstituteBindings->handle()
#11 D:/Prabu/Projects/subscription-billing-metering/vendor/laravel/framework/src/Illuminate/Pipeline/Pipeline.php(137): Illuminate/Pipeline/Pipeline->{closure:{closure:Illuminate/Pipeline/Pipeline::carry():194}:195}()
#12 D:/Prabu/Projects/subscription-billing-metering/vendor/laravel/framework/src/Illuminate/Routing/Router.php(821): Illuminate/Pipeline/Pipeline->then()
#13 D:/Prabu/Projects/subscription-billing-metering/vendor/laravel/framework/src/Illuminate/Routing/Router.php(800): Illuminate/Routing/Router->runRouteWithinStack()
#14 D:/Prabu/Projects/subscription-billing-metering/vendor/laravel/framework/src/Illuminate/Routing/Router.php(764): Illuminate/Routing/Router->runRoute()
#15 D:/Prabu/Projects/subscription-billing-metering/vendor/laravel/framework/src/Illuminate/Routing/Router.php(753): Illuminate/Routing/Router->dispatchToRoute()
#16 D:/Prabu/Projects/subscription-billing-metering/vendor/laravel/framework/src/Illuminate/Foundation/Http/Kernel.php(200): Illuminate/Routing/Router->dispatch()
#17 D:/Prabu/Projects/subscription-billing-metering/vendor/laravel/framework/src/Illuminate/Pipeline/Pipeline.php(180): Illuminate/Foundation/Http/Kernel->{closure:Illuminate/Foundation/Http/Kernel::dispatchToRouter():197}()
#18 D:/Prabu/Projects/subscription-billing-metering/vendor/laravel/framework/src/Illuminate/Foundation/Http/Middleware/TransformsRequest.php(21): Illuminate/Pipeline/Pipeline->{closure:Illuminate/Pipeline/Pipeline::prepareDestination():178}()
#19 D:/Prabu/Projects/subscription-billing-metering/vendor/laravel/framework/src/Illuminate/Foundation/Http/Middleware/ConvertEmptyStringsToNull.php(31): Illuminate/Foundation/Http/Middleware/TransformsRequest->handle()
#20 D:/Prabu/Projects/subscription-billing-metering/vendor/laravel/framework/src/Illuminate/Pipeline/Pipeline.php(219): Illuminate/Foundation/Http/Middleware/ConvertEmptyStringsToNull->handle()
#21 D:/Prabu/Projects/subscription-billing-metering/vendor/laravel/framework/src/Illuminate/Foundation/Http/Middleware/TransformsRequest.php(21): Illuminate/Pipeline/Pipeline->{closure:{closure:Illuminate/Pipeline/Pipeline::carry():194}:195}()
#22 D:/Prabu/Projects/subscription-billing-metering/vendor/laravel/framework/src/Illuminate/Foundation/Http/Middleware/TrimStrings.php(51): Illuminate/Foundation/Http/Middleware/TransformsRequest->handle()
#23 D:/Prabu/Projects/subscription-billing-metering/vendor/laravel/framework/src/Illuminate/Pipeline/Pipeline.php(219): Illuminate/Foundation/Http/Middleware/TrimStrings->handle()
#24 D:/Prabu/Projects/subscription-billing-metering/vendor/laravel/framework/src/Illuminate/Http/Middleware/ValidatePostSize.php(27): Illuminate/Pipeline/Pipeline->{closure:{closure:Illuminate/Pipeline/Pipeline::carry():194}:195}()
#25 D:/Prabu/Projects/subscription-billing-metering/vendor/laravel/framework/src/Illuminate/Pipeline/Pipeline.php(219): Illuminate/Http/Middleware/ValidatePostSize->handle()
#26 D:/Prabu/Projects/subscription-billing-metering/vendor/laravel/framework/src/Illuminate/Foundation/Http/Middleware/PreventRequestsDuringMaintenance.php(110): Illuminate/Pipeline/Pipeline->{closure:{closure:Illuminate/Pipeline/Pipeline::carry():194}:195}()
#27 D:/Prabu/Projects/subscription-billing-metering/vendor/laravel/framework/src/Illuminate/Pipeline/Pipeline.php(219): Illuminate/Foundation/Http/Middleware/PreventRequestsDuringMaintenance->handle()
#28 D:/Prabu/Projects/subscription-billing-metering/vendor/laravel/framework/src/Illuminate/Http/Middleware/HandleCors.php(74): Illuminate/Pipeline/Pipeline->{closure:{closure:Illuminate/Pipeline/Pipeline::carry():194}:195}()
#29 D:/Prabu/Projects/subscription-billing-metering/vendor/laravel/framework/src/Illuminate/Pipeline/Pipeline.php(219): Illuminate/Http/Middleware/HandleCors->handle()
#30 D:/Prabu/Projects/subscription-billing-metering/vendor/laravel/framework/src/Illuminate/Http/Middleware/TrustProxies.php(58): Illuminate/Pipeline/Pipeline->{closure:{closure:Illuminate/Pipeline/Pipeline::carry():194}:195}()
#31 D:/Prabu/Projects/subscription-billing-metering/vendor/laravel/framework/src/Illuminate/Pipeline/Pipeline.php(219): Illuminate/Http/Middleware/TrustProxies->handle()
#32 D:/Prabu/Projects/subscription-billing-metering/vendor/laravel/framework/src/Illuminate/Foundation/Http/Middleware/InvokeDeferredCallbacks.php(22): Illuminate/Pipeline/Pipeline->{closure:{closure:Illuminate/Pipeline/Pipeline::carry():194}:195}()
#33 D:/Prabu/Projects/subscription-billing-metering/vendor/laravel/framework/src/Illuminate/Pipeline/Pipeline.php(219): Illuminate/Foundation/Http/Middleware/InvokeDeferredCallbacks->handle()
#34 D:/Prabu/Projects/subscription-billing-metering/vendor/laravel/framework/src/Illuminate/Http/Middleware/ValidatePathEncoding.php(28): Illuminate/Pipeline/Pipeline->{closure:{closure:Illuminate/Pipeline/Pipeline::carry():194}:195}()
#35 D:/Prabu/Projects/subscription-billing-metering/vendor/laravel/framework/src/Illuminate/Pipeline/Pipeline.php(219): Illuminate/Http/Middleware/ValidatePathEncoding->handle()
#36 D:/Prabu/Projects/subscription-billing-metering/vendor/laravel/framework/src/Illuminate/Pipeline/Pipeline.php(137): Illuminate/Pipeline/Pipeline->{closure:{closure:Illuminate/Pipeline/Pipeline::carry():194}:195}()
#37 D:/Prabu/Projects/subscription-billing-metering/vendor/laravel/framework/src/Illuminate/Foundation/Http/Kernel.php(175): Illuminate/Pipeline/Pipeline->then()
#38 D:/Prabu/Projects/subscription-billing-metering/vendor/laravel/framework/src/Illuminate/Foundation/Http/Kernel.php(144): Illuminate/Foundation/Http/Kernel->sendRequestThroughRouter()
#39 D:/Prabu/Projects/subscription-billing-metering/vendor/laravel/framework/src/Illuminate/Foundation/Application.php(1228): Illuminate/Foundation/Http/Kernel->handle()
#40 D:/Prabu/Projects/subscription-billing-metering/public/index.php(20): Illuminate/Foundation/Application->handleRequest()
#41 D:/Prabu/Projects/subscription-billing-metering/vendor/laravel/framework/src/Illuminate/Foundation/resources/server.php(23): require_once('...')
#42 {main}
"} 
[2026-10-04 09:49:26] local.ERROR: Cannot redeclare class App\Http\Controllers\DashboardPageController (previously declared in D:\Prabu\Projects\subscription-billing-metering\app\Http\Controllers\web\DashboardPageController.php:8) {"exception":"[object] (Symfony\\Component\\ErrorHandler\\Error\\FatalError(code: 0): Cannot redeclare class App\\Http\\Controllers\\DashboardPageController (previously declared in D:\\Prabu\\Projects\\subscription-billing-metering\\app\\Http\\Controllers\\web\\DashboardPageController.php:8) at D:/Prabu/Projects/subscription-billing-metering/app/Http/Controllers/web/DashboardPageController.php:8)
[stacktrace]
#0 {main}
"} 
[2026-10-04 09:50:18] local.ERROR: Namespace declaration statement has to be the very first statement or after any declare call in the script {"exception":"[object] (Symfony\\Component\\ErrorHandler\\Error\\FatalError(code: 0): Namespace declaration statement has to be the very first statement or after any declare call in the script at D:/Prabu/Projects/subscription-billing-metering/app/Http/Controllers/web/DashboardPageController.php:3)
[stacktrace]
#0 {main}
"} 
[2026-10-04 09:50:31] local.ERROR: SQLSTATE[42000]: Syntax error or access violation: 1064 You have an error in your SQL syntax; check the manual that corresponds to your MySQL server version for the right syntax to use near 'usage, MAX(plans.included_units) as included_units from `daily_usage` inner join' at line 1 (Connection: mysql, Host: 127.0.0.1, Port: 3306, Database: subscription_billing_metering, SQL: select `customers`.`id`, `customers`.`name`, SUM(daily_usage.total_units) as usage, MAX(plans.included_units) as included_units from `daily_usage` inner join `customers` on `customers`.`id` = `daily_usage`.`customer_id` inner join `subscriptions` on `subscriptions`.`id` = `daily_usage`.`subscription_id` inner join `plans` on `plans`.`id` = `subscriptions`.`plan_id` where `daily_usage`.`merchant_id` = 1 and `daily_usage`.`usage_date` between 2026-10-01 and 2026-10-31 group by `customers`.`id`, `customers`.`name` order by `usage` desc limit 5) {"exception":"[object] (Illuminate\\Database\\QueryException(code: 42000): SQLSTATE[42000]: Syntax error or access violation: 1064 You have an error in your SQL syntax; check the manual that corresponds to your MySQL server version for the right syntax to use near 'usage, MAX(plans.included_units) as included_units from `daily_usage` inner join' at line 1 (Connection: mysql, Host: 127.0.0.1, Port: 3306, Database: subscription_billing_metering, SQL: select `customers`.`id`, `customers`.`name`, SUM(daily_usage.total_units) as usage, MAX(plans.included_units) as included_units from `daily_usage` inner join `customers` on `customers`.`id` = `daily_usage`.`customer_id` inner join `subscriptions` on `subscriptions`.`id` = `daily_usage`.`subscription_id` inner join `plans` on `plans`.`id` = `subscriptions`.`plan_id` where `daily_usage`.`merchant_id` = 1 and `daily_usage`.`usage_date` between 2026-10-01 and 2026-10-31 group by `customers`.`id`, `customers`.`name` order by `usage` desc limit 5) at D:/Prabu/Projects/subscription-billing-metering/vendor/laravel/framework/src/Illuminate/Database/Connection.php:857)
[stacktrace]
#0 D:/Prabu/Projects/subscription-billing-metering/vendor/laravel/framework/src/Illuminate/Database/Connection.php(813): Illuminate/Database/Connection->runQueryCallback()
#1 D:/Prabu/Projects/subscription-billing-metering/vendor/laravel/framework/src/Illuminate/Database/Connection.php(426): Illuminate/Database/Connection->run()
#2 D:/Prabu/Projects/subscription-billing-metering/vendor/laravel/framework/src/Illuminate/Database/Query/Builder.php(3636): Illuminate/Database/Connection->select()
#3 D:/Prabu/Projects/subscription-billing-metering/vendor/laravel/framework/src/Illuminate/Database/Query/Builder.php(3620): Illuminate/Database/Query/Builder->runSelect()
#4 D:/Prabu/Projects/subscription-billing-metering/app/Services/DashboardService.php(316): Illuminate/Database/Query/Builder->get()
#5 D:/Prabu/Projects/subscription-billing-metering/app/Services/DashboardService.php(39): App/Services/DashboardService->topCustomers()
#6 D:/Prabu/Projects/subscription-billing-metering/app/Http/Controllers/web/DashboardPageController.php(18): App/Services/DashboardService->getDashboard()
#7 D:/Prabu/Projects/subscription-billing-metering/vendor/laravel/framework/src/Illuminate/Routing/ControllerDispatcher.php(46): App/Http/Controllers/web/DashboardPageController->show()
#8 D:/Prabu/Projects/subscription-billing-metering/vendor/laravel/framework/src/Illuminate/Routing/Route.php(276): Illuminate/Routing/ControllerDispatcher->dispatch()
#9 D:/Prabu/Projects/subscription-billing-metering/vendor/laravel/framework/src/Illuminate/Routing/Route.php(216): Illuminate/Routing/Route->runController()
#10 D:/Prabu/Projects/subscription-billing-metering/vendor/laravel/framework/src/Illuminate/Routing/Router.php(822): Illuminate/Routing/Route->run()
#11 D:/Prabu/Projects/subscription-billing-metering/vendor/laravel/framework/src/Illuminate/Pipeline/Pipeline.php(180): Illuminate/Routing/Router->{closure:Illuminate/Routing/Router::runRouteWithinStack():821}()
#12 D:/Prabu/Projects/subscription-billing-metering/vendor/laravel/framework/src/Illuminate/Routing/Middleware/SubstituteBindings.php(52): Illuminate/Pipeline/Pipeline->{closure:Illuminate/Pipeline/Pipeline::prepareDestination():178}()
#13 D:/Prabu/Projects/subscription-billing-metering/vendor/laravel/framework/src/Illuminate/Pipeline/Pipeline.php(219): Illuminate/Routing/Middleware/SubstituteBindings->handle()
#14 D:/Prabu/Projects/subscription-billing-metering/vendor/laravel/framework/src/Illuminate/Foundation/Http/Middleware/PreventRequestForgery.php(104): Illuminate/Pipeline/Pipeline->{closure:{closure:Illuminate/Pipeline/Pipeline::carry():194}:195}()
#15 D:/Prabu/Projects/subscription-billing-metering/vendor/laravel/framework/src/Illuminate/Pipeline/Pipeline.php(219): Illuminate/Foundation/Http/Middleware/PreventRequestForgery->handle()
#16 D:/Prabu/Projects/subscription-billing-metering/vendor/laravel/framework/src/Illuminate/View/Middleware/ShareErrorsFromSession.php(48): Illuminate/Pipeline/Pipeline->{closure:{closure:Illuminate/Pipeline/Pipeline::carry():194}:195}()
#17 D:/Prabu/Projects/subscription-billing-metering/vendor/laravel/framework/src/Illuminate/Pipeline/Pipeline.php(219): Illuminate/View/Middleware/ShareErrorsFromSession->handle()
#18 D:/Prabu/Projects/subscription-billing-metering/vendor/laravel/framework/src/Illuminate/Session/Middleware/StartSession.php(120): Illuminate/Pipeline/Pipeline->{closure:{closure:Illuminate/Pipeline/Pipeline::carry():194}:195}()
#19 D:/Prabu/Projects/subscription-billing-metering/vendor/laravel/framework/src/Illuminate/Session/Middleware/StartSession.php(63): Illuminate/Session/Middleware/StartSession->handleStatefulRequest()
#20 D:/Prabu/Projects/subscription-billing-metering/vendor/laravel/framework/src/Illuminate/Pipeline/Pipeline.php(219): Illuminate/Session/Middleware/StartSession->handle()
#21 D:/Prabu/Projects/subscription-billing-metering/vendor/laravel/framework/src/Illuminate/Cookie/Middleware/AddQueuedCookiesToResponse.php(36): Illuminate/Pipeline/Pipeline->{closure:{closure:Illuminate/Pipeline/Pipeline::carry():194}:195}()
#22 D:/Prabu/Projects/subscription-billing-metering/vendor/laravel/framework/src/Illuminate/Pipeline/Pipeline.php(219): Illuminate/Cookie/Middleware/AddQueuedCookiesToResponse->handle()
#23 D:/Prabu/Projects/subscription-billing-metering/vendor/laravel/framework/src/Illuminate/Cookie/Middleware/EncryptCookies.php(74): Illuminate/Pipeline/Pipeline->{closure:{closure:Illuminate/Pipeline/Pipeline::carry():194}:195}()
#24 D:/Prabu/Projects/subscription-billing-metering/vendor/laravel/framework/src/Illuminate/Pipeline/Pipeline.php(219): Illuminate/Cookie/Middleware/EncryptCookies->handle()
#25 D:/Prabu/Projects/subscription-billing-metering/vendor/laravel/framework/src/Illuminate/Pipeline/Pipeline.php(137): Illuminate/Pipeline/Pipeline->{closure:{closure:Illuminate/Pipeline/Pipeline::carry():194}:195}()
#26 D:/Prabu/Projects/subscription-billing-metering/vendor/laravel/framework/src/Illuminate/Routing/Router.php(821): Illuminate/Pipeline/Pipeline->then()
#27 D:/Prabu/Projects/subscription-billing-metering/vendor/laravel/framework/src/Illuminate/Routing/Router.php(800): Illuminate/Routing/Router->runRouteWithinStack()
#28 D:/Prabu/Projects/subscription-billing-metering/vendor/laravel/framework/src/Illuminate/Routing/Router.php(764): Illuminate/Routing/Router->runRoute()
#29 D:/Prabu/Projects/subscription-billing-metering/vendor/laravel/framework/src/Illuminate/Routing/Router.php(753): Illuminate/Routing/Router->dispatchToRoute()
#30 D:/Prabu/Projects/subscription-billing-metering/vendor/laravel/framework/src/Illuminate/Foundation/Http/Kernel.php(200): Illuminate/Routing/Router->dispatch()
#31 D:/Prabu/Projects/subscription-billing-metering/vendor/laravel/framework/src/Illuminate/Pipeline/Pipeline.php(180): Illuminate/Foundation/Http/Kernel->{closure:Illuminate/Foundation/Http/Kernel::dispatchToRouter():197}()
#32 D:/Prabu/Projects/subscription-billing-metering/vendor/laravel/framework/src/Illuminate/Foundation/Http/Middleware/TransformsRequest.php(21): Illuminate/Pipeline/Pipeline->{closure:Illuminate/Pipeline/Pipeline::prepareDestination():178}()
#33 D:/Prabu/Projects/subscription-billing-metering/vendor/laravel/framework/src/Illuminate/Foundation/Http/Middleware/ConvertEmptyStringsToNull.php(31): Illuminate/Foundation/Http/Middleware/TransformsRequest->handle()
#34 D:/Prabu/Projects/subscription-billing-metering/vendor/laravel/framework/src/Illuminate/Pipeline/Pipeline.php(219): Illuminate/Foundation/Http/Middleware/ConvertEmptyStringsToNull->handle()
#35 D:/Prabu/Projects/subscription-billing-metering/vendor/laravel/framework/src/Illuminate/Foundation/Http/Middleware/TransformsRequest.php(21): Illuminate/Pipeline/Pipeline->{closure:{closure:Illuminate/Pipeline/Pipeline::carry():194}:195}()
#36 D:/Prabu/Projects/subscription-billing-metering/vendor/laravel/framework/src/Illuminate/Foundation/Http/Middleware/TrimStrings.php(51): Illuminate/Foundation/Http/Middleware/TransformsRequest->handle()
#37 D:/Prabu/Projects/subscription-billing-metering/vendor/laravel/framework/src/Illuminate/Pipeline/Pipeline.php(219): Illuminate/Foundation/Http/Middleware/TrimStrings->handle()
#38 D:/Prabu/Projects/subscription-billing-metering/vendor/laravel/framework/src/Illuminate/Http/Middleware/ValidatePostSize.php(27): Illuminate/Pipeline/Pipeline->{closure:{closure:Illuminate/Pipeline/Pipeline::carry():194}:195}()
#39 D:/Prabu/Projects/subscription-billing-metering/vendor/laravel/framework/src/Illuminate/Pipeline/Pipeline.php(219): Illuminate/Http/Middleware/ValidatePostSize->handle()
#40 D:/Prabu/Projects/subscription-billing-metering/vendor/laravel/framework/src/Illuminate/Foundation/Http/Middleware/PreventRequestsDuringMaintenance.php(110): Illuminate/Pipeline/Pipeline->{closure:{closure:Illuminate/Pipeline/Pipeline::carry():194}:195}()
#41 D:/Prabu/Projects/subscription-billing-metering/vendor/laravel/framework/src/Illuminate/Pipeline/Pipeline.php(219): Illuminate/Foundation/Http/Middleware/PreventRequestsDuringMaintenance->handle()
#42 D:/Prabu/Projects/subscription-billing-metering/vendor/laravel/framework/src/Illuminate/Http/Middleware/HandleCors.php(61): Illuminate/Pipeline/Pipeline->{closure:{closure:Illuminate/Pipeline/Pipeline::carry():194}:195}()
#43 D:/Prabu/Projects/subscription-billing-metering/vendor/laravel/framework/src/Illuminate/Pipeline/Pipeline.php(219): Illuminate/Http/Middleware/HandleCors->handle()
#44 D:/Prabu/Projects/subscription-billing-metering/vendor/laravel/framework/src/Illuminate/Http/Middleware/TrustProxies.php(58): Illuminate/Pipeline/Pipeline->{closure:{closure:Illuminate/Pipeline/Pipeline::carry():194}:195}()
#45 D:/Prabu/Projects/subscription-billing-metering/vendor/laravel/framework/src/Illuminate/Pipeline/Pipeline.php(219): Illuminate/Http/Middleware/TrustProxies->handle()
#46 D:/Prabu/Projects/subscription-billing-metering/vendor/laravel/framework/src/Illuminate/Foundation/Http/Middleware/InvokeDeferredCallbacks.php(22): Illuminate/Pipeline/Pipeline->{closure:{closure:Illuminate/Pipeline/Pipeline::carry():194}:195}()
#47 D:/Prabu/Projects/subscription-billing-metering/vendor/laravel/framework/src/Illuminate/Pipeline/Pipeline.php(219): Illuminate/Foundation/Http/Middleware/InvokeDeferredCallbacks->handle()
#48 D:/Prabu/Projects/subscription-billing-metering/vendor/laravel/framework/src/Illuminate/Http/Middleware/ValidatePathEncoding.php(28): Illuminate/Pipeline/Pipeline->{closure:{closure:Illuminate/Pipeline/Pipeline::carry():194}:195}()
#49 D:/Prabu/Projects/subscription-billing-metering/vendor/laravel/framework/src/Illuminate/Pipeline/Pipeline.php(219): Illuminate/Http/Middleware/ValidatePathEncoding->handle()
#50 D:/Prabu/Projects/subscription-billing-metering/vendor/laravel/framework/src/Illuminate/Pipeline/Pipeline.php(137): Illuminate/Pipeline/Pipeline->{closure:{closure:Illuminate/Pipeline/Pipeline::carry():194}:195}()
#51 D:/Prabu/Projects/subscription-billing-metering/vendor/laravel/framework/src/Illuminate/Foundation/Http/Kernel.php(175): Illuminate/Pipeline/Pipeline->then()
#52 D:/Prabu/Projects/subscription-billing-metering/vendor/laravel/framework/src/Illuminate/Foundation/Http/Kernel.php(144): Illuminate/Foundation/Http/Kernel->sendRequestThroughRouter()
#53 D:/Prabu/Projects/subscription-billing-metering/vendor/laravel/framework/src/Illuminate/Foundation/Application.php(1228): Illuminate/Foundation/Http/Kernel->handle()
#54 D:/Prabu/Projects/subscription-billing-metering/public/index.php(20): Illuminate/Foundation/Application->handleRequest()
#55 D:/Prabu/Projects/subscription-billing-metering/vendor/laravel/framework/src/Illuminate/Foundation/resources/server.php(23): require_once('...')
#56 {main}

[previous exception] [object] (PDOException(code: 42000): SQLSTATE[42000]: Syntax error or access violation: 1064 You have an error in your SQL syntax; check the manual that corresponds to your MySQL server version for the right syntax to use near 'usage, MAX(plans.included_units) as included_units from `daily_usage` inner join' at line 1 at D:/Prabu/Projects/subscription-billing-metering/vendor/laravel/framework/src/Illuminate/Database/Connection.php:435)
[stacktrace]
#0 D:/Prabu/Projects/subscription-billing-metering/vendor/laravel/framework/src/Illuminate/Database/Connection.php(435): PDO->prepare()
#1 D:/Prabu/Projects/subscription-billing-metering/vendor/laravel/framework/src/Illuminate/Database/Connection.php(846): Illuminate/Database/Connection->{closure:Illuminate/Database/Connection::select():426}()
#2 D:/Prabu/Projects/subscription-billing-metering/vendor/laravel/framework/src/Illuminate/Database/Connection.php(813): Illuminate/Database/Connection->runQueryCallback()
#3 D:/Prabu/Projects/subscription-billing-metering/vendor/laravel/framework/src/Illuminate/Database/Connection.php(426): Illuminate/Database/Connection->run()
#4 D:/Prabu/Projects/subscription-billing-metering/vendor/laravel/framework/src/Illuminate/Database/Query/Builder.php(3636): Illuminate/Database/Connection->select()
#5 D:/Prabu/Projects/subscription-billing-metering/vendor/laravel/framework/src/Illuminate/Database/Query/Builder.php(3620): Illuminate/Database/Query/Builder->runSelect()
#6 D:/Prabu/Projects/subscription-billing-metering/app/Services/DashboardService.php(316): Illuminate/Database/Query/Builder->get()
#7 D:/Prabu/Projects/subscription-billing-metering/app/Services/DashboardService.php(39): App/Services/DashboardService->topCustomers()
#8 D:/Prabu/Projects/subscription-billing-metering/app/Http/Controllers/web/DashboardPageController.php(18): App/Services/DashboardService->getDashboard()
#9 D:/Prabu/Projects/subscription-billing-metering/vendor/laravel/framework/src/Illuminate/Routing/ControllerDispatcher.php(46): App/Http/Controllers/web/DashboardPageController->show()
#10 D:/Prabu/Projects/subscription-billing-metering/vendor/laravel/framework/src/Illuminate/Routing/Route.php(276): Illuminate/Routing/ControllerDispatcher->dispatch()
#11 D:/Prabu/Projects/subscription-billing-metering/vendor/laravel/framework/src/Illuminate/Routing/Route.php(216): Illuminate/Routing/Route->runController()
#12 D:/Prabu/Projects/subscription-billing-metering/vendor/laravel/framework/src/Illuminate/Routing/Router.php(822): Illuminate/Routing/Route->run()
#13 D:/Prabu/Projects/subscription-billing-metering/vendor/laravel/framework/src/Illuminate/Pipeline/Pipeline.php(180): Illuminate/Routing/Router->{closure:Illuminate/Routing/Router::runRouteWithinStack():821}()
#14 D:/Prabu/Projects/subscription-billing-metering/vendor/laravel/framework/src/Illuminate/Routing/Middleware/SubstituteBindings.php(52): Illuminate/Pipeline/Pipeline->{closure:Illuminate/Pipeline/Pipeline::prepareDestination():178}()
#15 D:/Prabu/Projects/subscription-billing-metering/vendor/laravel/framework/src/Illuminate/Pipeline/Pipeline.php(219): Illuminate/Routing/Middleware/SubstituteBindings->handle()
#16 D:/Prabu/Projects/subscription-billing-metering/vendor/laravel/framework/src/Illuminate/Foundation/Http/Middleware/PreventRequestForgery.php(104): Illuminate/Pipeline/Pipeline->{closure:{closure:Illuminate/Pipeline/Pipeline::carry():194}:195}()
#17 D:/Prabu/Projects/subscription-billing-metering/vendor/laravel/framework/src/Illuminate/Pipeline/Pipeline.php(219): Illuminate/Foundation/Http/Middleware/PreventRequestForgery->handle()
#18 D:/Prabu/Projects/subscription-billing-metering/vendor/laravel/framework/src/Illuminate/View/Middleware/ShareErrorsFromSession.php(48): Illuminate/Pipeline/Pipeline->{closure:{closure:Illuminate/Pipeline/Pipeline::carry():194}:195}()
#19 D:/Prabu/Projects/subscription-billing-metering/vendor/laravel/framework/src/Illuminate/Pipeline/Pipeline.php(219): Illuminate/View/Middleware/ShareErrorsFromSession->handle()
#20 D:/Prabu/Projects/subscription-billing-metering/vendor/laravel/framework/src/Illuminate/Session/Middleware/StartSession.php(120): Illuminate/Pipeline/Pipeline->{closure:{closure:Illuminate/Pipeline/Pipeline::carry():194}:195}()
#21 D:/Prabu/Projects/subscription-billing-metering/vendor/laravel/framework/src/Illuminate/Session/Middleware/StartSession.php(63): Illuminate/Session/Middleware/StartSession->handleStatefulRequest()
#22 D:/Prabu/Projects/subscription-billing-metering/vendor/laravel/framework/src/Illuminate/Pipeline/Pipeline.php(219): Illuminate/Session/Middleware/StartSession->handle()
#23 D:/Prabu/Projects/subscription-billing-metering/vendor/laravel/framework/src/Illuminate/Cookie/Middleware/AddQueuedCookiesToResponse.php(36): Illuminate/Pipeline/Pipeline->{closure:{closure:Illuminate/Pipeline/Pipeline::carry():194}:195}()
#24 D:/Prabu/Projects/subscription-billing-metering/vendor/laravel/framework/src/Illuminate/Pipeline/Pipeline.php(219): Illuminate/Cookie/Middleware/AddQueuedCookiesToResponse->handle()
#25 D:/Prabu/Projects/subscription-billing-metering/vendor/laravel/framework/src/Illuminate/Cookie/Middleware/EncryptCookies.php(74): Illuminate/Pipeline/Pipeline->{closure:{closure:Illuminate/Pipeline/Pipeline::carry():194}:195}()
#26 D:/Prabu/Projects/subscription-billing-metering/vendor/laravel/framework/src/Illuminate/Pipeline/Pipeline.php(219): Illuminate/Cookie/Middleware/EncryptCookies->handle()
#27 D:/Prabu/Projects/subscription-billing-metering/vendor/laravel/framework/src/Illuminate/Pipeline/Pipeline.php(137): Illuminate/Pipeline/Pipeline->{closure:{closure:Illuminate/Pipeline/Pipeline::carry():194}:195}()
#28 D:/Prabu/Projects/subscription-billing-metering/vendor/laravel/framework/src/Illuminate/Routing/Router.php(821): Illuminate/Pipeline/Pipeline->then()
#29 D:/Prabu/Projects/subscription-billing-metering/vendor/laravel/framework/src/Illuminate/Routing/Router.php(800): Illuminate/Routing/Router->runRouteWithinStack()
#30 D:/Prabu/Projects/subscription-billing-metering/vendor/laravel/framework/src/Illuminate/Routing/Router.php(764): Illuminate/Routing/Router->runRoute()
#31 D:/Prabu/Projects/subscription-billing-metering/vendor/laravel/framework/src/Illuminate/Routing/Router.php(753): Illuminate/Routing/Router->dispatchToRoute()
#32 D:/Prabu/Projects/subscription-billing-metering/vendor/laravel/framework/src/Illuminate/Foundation/Http/Kernel.php(200): Illuminate/Routing/Router->dispatch()
#33 D:/Prabu/Projects/subscription-billing-metering/vendor/laravel/framework/src/Illuminate/Pipeline/Pipeline.php(180): Illuminate/Foundation/Http/Kernel->{closure:Illuminate/Foundation/Http/Kernel::dispatchToRouter():197}()
#34 D:/Prabu/Projects/subscription-billing-metering/vendor/laravel/framework/src/Illuminate/Foundation/Http/Middleware/TransformsRequest.php(21): Illuminate/Pipeline/Pipeline->{closure:Illuminate/Pipeline/Pipeline::prepareDestination():178}()
#35 D:/Prabu/Projects/subscription-billing-metering/vendor/laravel/framework/src/Illuminate/Foundation/Http/Middleware/ConvertEmptyStringsToNull.php(31): Illuminate/Foundation/Http/Middleware/TransformsRequest->handle()
#36 D:/Prabu/Projects/subscription-billing-metering/vendor/laravel/framework/src/Illuminate/Pipeline/Pipeline.php(219): Illuminate/Foundation/Http/Middleware/ConvertEmptyStringsToNull->handle()
#37 D:/Prabu/Projects/subscription-billing-metering/vendor/laravel/framework/src/Illuminate/Foundation/Http/Middleware/TransformsRequest.php(21): Illuminate/Pipeline/Pipeline->{closure:{closure:Illuminate/Pipeline/Pipeline::carry():194}:195}()
#38 D:/Prabu/Projects/subscription-billing-metering/vendor/laravel/framework/src/Illuminate/Foundation/Http/Middleware/TrimStrings.php(51): Illuminate/Foundation/Http/Middleware/TransformsRequest->handle()
#39 D:/Prabu/Projects/subscription-billing-metering/vendor/laravel/framework/src/Illuminate/Pipeline/Pipeline.php(219): Illuminate/Foundation/Http/Middleware/TrimStrings->handle()
#40 D:/Prabu/Projects/subscription-billing-metering/vendor/laravel/framework/src/Illuminate/Http/Middleware/ValidatePostSize.php(27): Illuminate/Pipeline/Pipeline->{closure:{closure:Illuminate/Pipeline/Pipeline::carry():194}:195}()
#41 D:/Prabu/Projects/subscription-billing-metering/vendor/laravel/framework/src/Illuminate/Pipeline/Pipeline.php(219): Illuminate/Http/Middleware/ValidatePostSize->handle()
#42 D:/Prabu/Projects/subscription-billing-metering/vendor/laravel/framework/src/Illuminate/Foundation/Http/Middleware/PreventRequestsDuringMaintenance.php(110): Illuminate/Pipeline/Pipeline->{closure:{closure:Illuminate/Pipeline/Pipeline::carry():194}:195}()
#43 D:/Prabu/Projects/subscription-billing-metering/vendor/laravel/framework/src/Illuminate/Pipeline/Pipeline.php(219): Illuminate/Foundation/Http/Middleware/PreventRequestsDuringMaintenance->handle()
#44 D:/Prabu/Projects/subscription-billing-metering/vendor/laravel/framework/src/Illuminate/Http/Middleware/HandleCors.php(61): Illuminate/Pipeline/Pipeline->{closure:{closure:Illuminate/Pipeline/Pipeline::carry():194}:195}()
#45 D:/Prabu/Projects/subscription-billing-metering/vendor/laravel/framework/src/Illuminate/Pipeline/Pipeline.php(219): Illuminate/Http/Middleware/HandleCors->handle()
#46 D:/Prabu/Projects/subscription-billing-metering/vendor/laravel/framework/src/Illuminate/Http/Middleware/TrustProxies.php(58): Illuminate/Pipeline/Pipeline->{closure:{closure:Illuminate/Pipeline/Pipeline::carry():194}:195}()
#47 D:/Prabu/Projects/subscription-billing-metering/vendor/laravel/framework/src/Illuminate/Pipeline/Pipeline.php(219): Illuminate/Http/Middleware/TrustProxies->handle()
#48 D:/Prabu/Projects/subscription-billing-metering/vendor/laravel/framework/src/Illuminate/Foundation/Http/Middleware/InvokeDeferredCallbacks.php(22): Illuminate/Pipeline/Pipeline->{closure:{closure:Illuminate/Pipeline/Pipeline::carry():194}:195}()
#49 D:/Prabu/Projects/subscription-billing-metering/vendor/laravel/framework/src/Illuminate/Pipeline/Pipeline.php(219): Illuminate/Foundation/Http/Middleware/InvokeDeferredCallbacks->handle()
#50 D:/Prabu/Projects/subscription-billing-metering/vendor/laravel/framework/src/Illuminate/Http/Middleware/ValidatePathEncoding.php(28): Illuminate/Pipeline/Pipeline->{closure:{closure:Illuminate/Pipeline/Pipeline::carry():194}:195}()
#51 D:/Prabu/Projects/subscription-billing-metering/vendor/laravel/framework/src/Illuminate/Pipeline/Pipeline.php(219): Illuminate/Http/Middleware/ValidatePathEncoding->handle()
#52 D:/Prabu/Projects/subscription-billing-metering/vendor/laravel/framework/src/Illuminate/Pipeline/Pipeline.php(137): Illuminate/Pipeline/Pipeline->{closure:{closure:Illuminate/Pipeline/Pipeline::carry():194}:195}()
#53 D:/Prabu/Projects/subscription-billing-metering/vendor/laravel/framework/src/Illuminate/Foundation/Http/Kernel.php(175): Illuminate/Pipeline/Pipeline->then()
#54 D:/Prabu/Projects/subscription-billing-metering/vendor/laravel/framework/src/Illuminate/Foundation/Http/Kernel.php(144): Illuminate/Foundation/Http/Kernel->sendRequestThroughRouter()
#55 D:/Prabu/Projects/subscription-billing-metering/vendor/laravel/framework/src/Illuminate/Foundation/Application.php(1228): Illuminate/Foundation/Http/Kernel->handle()
#56 D:/Prabu/Projects/subscription-billing-metering/public/index.php(20): Illuminate/Foundation/Application->handleRequest()
#57 D:/Prabu/Projects/subscription-billing-metering/vendor/laravel/framework/src/Illuminate/Foundation/resources/server.php(23): require_once('...')
#58 {main}
"} 
[2026-10-04 09:53:37] local.ERROR: SQLSTATE[42000]: Syntax error or access violation: 1064 You have an error in your SQL syntax; check the manual that corresponds to your MySQL server version for the right syntax to use near 'usage, MAX(plans.included_units) as included_units from `daily_usage` inner join' at line 1 (Connection: mysql, Host: 127.0.0.1, Port: 3306, Database: subscription_billing_metering, SQL: select `customers`.`id`, `customers`.`name`, SUM(daily_usage.total_units) as usage, MAX(plans.included_units) as included_units from `daily_usage` inner join `customers` on `customers`.`id` = `daily_usage`.`customer_id` inner join `subscriptions` on `subscriptions`.`id` = `daily_usage`.`subscription_id` inner join `plans` on `plans`.`id` = `subscriptions`.`plan_id` where `daily_usage`.`merchant_id` = 1 and `daily_usage`.`usage_date` between 2026-10-01 and 2026-10-31 group by `customers`.`id`, `customers`.`name` order by `usage` desc limit 5) {"exception":"[object] (Illuminate\\Database\\QueryException(code: 42000): SQLSTATE[42000]: Syntax error or access violation: 1064 You have an error in your SQL syntax; check the manual that corresponds to your MySQL server version for the right syntax to use near 'usage, MAX(plans.included_units) as included_units from `daily_usage` inner join' at line 1 (Connection: mysql, Host: 127.0.0.1, Port: 3306, Database: subscription_billing_metering, SQL: select `customers`.`id`, `customers`.`name`, SUM(daily_usage.total_units) as usage, MAX(plans.included_units) as included_units from `daily_usage` inner join `customers` on `customers`.`id` = `daily_usage`.`customer_id` inner join `subscriptions` on `subscriptions`.`id` = `daily_usage`.`subscription_id` inner join `plans` on `plans`.`id` = `subscriptions`.`plan_id` where `daily_usage`.`merchant_id` = 1 and `daily_usage`.`usage_date` between 2026-10-01 and 2026-10-31 group by `customers`.`id`, `customers`.`name` order by `usage` desc limit 5) at D:/Prabu/Projects/subscription-billing-metering/vendor/laravel/framework/src/Illuminate/Database/Connection.php:857)
[stacktrace]
#0 D:/Prabu/Projects/subscription-billing-metering/vendor/laravel/framework/src/Illuminate/Database/Connection.php(813): Illuminate/Database/Connection->runQueryCallback()
#1 D:/Prabu/Projects/subscription-billing-metering/vendor/laravel/framework/src/Illuminate/Database/Connection.php(426): Illuminate/Database/Connection->run()
#2 D:/Prabu/Projects/subscription-billing-metering/vendor/laravel/framework/src/Illuminate/Database/Query/Builder.php(3636): Illuminate/Database/Connection->select()
#3 D:/Prabu/Projects/subscription-billing-metering/vendor/laravel/framework/src/Illuminate/Database/Query/Builder.php(3620): Illuminate/Database/Query/Builder->runSelect()
#4 D:/Prabu/Projects/subscription-billing-metering/app/Services/DashboardService.php(316): Illuminate/Database/Query/Builder->get()
#5 D:/Prabu/Projects/subscription-billing-metering/app/Services/DashboardService.php(39): App/Services/DashboardService->topCustomers()
#6 D:/Prabu/Projects/subscription-billing-metering/app/Http/Controllers/web/DashboardPageController.php(18): App/Services/DashboardService->getDashboard()
#7 D:/Prabu/Projects/subscription-billing-metering/vendor/laravel/framework/src/Illuminate/Routing/ControllerDispatcher.php(46): App/Http/Controllers/web/DashboardPageController->show()
#8 D:/Prabu/Projects/subscription-billing-metering/vendor/laravel/framework/src/Illuminate/Routing/Route.php(276): Illuminate/Routing/ControllerDispatcher->dispatch()
#9 D:/Prabu/Projects/subscription-billing-metering/vendor/laravel/framework/src/Illuminate/Routing/Route.php(216): Illuminate/Routing/Route->runController()
#10 D:/Prabu/Projects/subscription-billing-metering/vendor/laravel/framework/src/Illuminate/Routing/Router.php(822): Illuminate/Routing/Route->run()
#11 D:/Prabu/Projects/subscription-billing-metering/vendor/laravel/framework/src/Illuminate/Pipeline/Pipeline.php(180): Illuminate/Routing/Router->{closure:Illuminate/Routing/Router::runRouteWithinStack():821}()
#12 D:/Prabu/Projects/subscription-billing-metering/vendor/laravel/framework/src/Illuminate/Routing/Middleware/SubstituteBindings.php(52): Illuminate/Pipeline/Pipeline->{closure:Illuminate/Pipeline/Pipeline::prepareDestination():178}()
#13 D:/Prabu/Projects/subscription-billing-metering/vendor/laravel/framework/src/Illuminate/Pipeline/Pipeline.php(219): Illuminate/Routing/Middleware/SubstituteBindings->handle()
#14 D:/Prabu/Projects/subscription-billing-metering/vendor/laravel/framework/src/Illuminate/Foundation/Http/Middleware/PreventRequestForgery.php(104): Illuminate/Pipeline/Pipeline->{closure:{closure:Illuminate/Pipeline/Pipeline::carry():194}:195}()
#15 D:/Prabu/Projects/subscription-billing-metering/vendor/laravel/framework/src/Illuminate/Pipeline/Pipeline.php(219): Illuminate/Foundation/Http/Middleware/PreventRequestForgery->handle()
#16 D:/Prabu/Projects/subscription-billing-metering/vendor/laravel/framework/src/Illuminate/View/Middleware/ShareErrorsFromSession.php(48): Illuminate/Pipeline/Pipeline->{closure:{closure:Illuminate/Pipeline/Pipeline::carry():194}:195}()
#17 D:/Prabu/Projects/subscription-billing-metering/vendor/laravel/framework/src/Illuminate/Pipeline/Pipeline.php(219): Illuminate/View/Middleware/ShareErrorsFromSession->handle()
#18 D:/Prabu/Projects/subscription-billing-metering/vendor/laravel/framework/src/Illuminate/Session/Middleware/StartSession.php(120): Illuminate/Pipeline/Pipeline->{closure:{closure:Illuminate/Pipeline/Pipeline::carry():194}:195}()
#19 D:/Prabu/Projects/subscription-billing-metering/vendor/laravel/framework/src/Illuminate/Session/Middleware/StartSession.php(63): Illuminate/Session/Middleware/StartSession->handleStatefulRequest()
#20 D:/Prabu/Projects/subscription-billing-metering/vendor/laravel/framework/src/Illuminate/Pipeline/Pipeline.php(219): Illuminate/Session/Middleware/StartSession->handle()
#21 D:/Prabu/Projects/subscription-billing-metering/vendor/laravel/framework/src/Illuminate/Cookie/Middleware/AddQueuedCookiesToResponse.php(36): Illuminate/Pipeline/Pipeline->{closure:{closure:Illuminate/Pipeline/Pipeline::carry():194}:195}()
#22 D:/Prabu/Projects/subscription-billing-metering/vendor/laravel/framework/src/Illuminate/Pipeline/Pipeline.php(219): Illuminate/Cookie/Middleware/AddQueuedCookiesToResponse->handle()
#23 D:/Prabu/Projects/subscription-billing-metering/vendor/laravel/framework/src/Illuminate/Cookie/Middleware/EncryptCookies.php(74): Illuminate/Pipeline/Pipeline->{closure:{closure:Illuminate/Pipeline/Pipeline::carry():194}:195}()
#24 D:/Prabu/Projects/subscription-billing-metering/vendor/laravel/framework/src/Illuminate/Pipeline/Pipeline.php(219): Illuminate/Cookie/Middleware/EncryptCookies->handle()
#25 D:/Prabu/Projects/subscription-billing-metering/vendor/laravel/framework/src/Illuminate/Pipeline/Pipeline.php(137): Illuminate/Pipeline/Pipeline->{closure:{closure:Illuminate/Pipeline/Pipeline::carry():194}:195}()
#26 D:/Prabu/Projects/subscription-billing-metering/vendor/laravel/framework/src/Illuminate/Routing/Router.php(821): Illuminate/Pipeline/Pipeline->then()
#27 D:/Prabu/Projects/subscription-billing-metering/vendor/laravel/framework/src/Illuminate/Routing/Router.php(800): Illuminate/Routing/Router->runRouteWithinStack()
#28 D:/Prabu/Projects/subscription-billing-metering/vendor/laravel/framework/src/Illuminate/Routing/Router.php(764): Illuminate/Routing/Router->runRoute()
#29 D:/Prabu/Projects/subscription-billing-metering/vendor/laravel/framework/src/Illuminate/Routing/Router.php(753): Illuminate/Routing/Router->dispatchToRoute()
#30 D:/Prabu/Projects/subscription-billing-metering/vendor/laravel/framework/src/Illuminate/Foundation/Http/Kernel.php(200): Illuminate/Routing/Router->dispatch()
#31 D:/Prabu/Projects/subscription-billing-metering/vendor/laravel/framework/src/Illuminate/Pipeline/Pipeline.php(180): Illuminate/Foundation/Http/Kernel->{closure:Illuminate/Foundation/Http/Kernel::dispatchToRouter():197}()
#32 D:/Prabu/Projects/subscription-billing-metering/vendor/laravel/framework/src/Illuminate/Foundation/Http/Middleware/TransformsRequest.php(21): Illuminate/Pipeline/Pipeline->{closure:Illuminate/Pipeline/Pipeline::prepareDestination():178}()
#33 D:/Prabu/Projects/subscription-billing-metering/vendor/laravel/framework/src/Illuminate/Foundation/Http/Middleware/ConvertEmptyStringsToNull.php(31): Illuminate/Foundation/Http/Middleware/TransformsRequest->handle()
#34 D:/Prabu/Projects/subscription-billing-metering/vendor/laravel/framework/src/Illuminate/Pipeline/Pipeline.php(219): Illuminate/Foundation/Http/Middleware/ConvertEmptyStringsToNull->handle()
#35 D:/Prabu/Projects/subscription-billing-metering/vendor/laravel/framework/src/Illuminate/Foundation/Http/Middleware/TransformsRequest.php(21): Illuminate/Pipeline/Pipeline->{closure:{closure:Illuminate/Pipeline/Pipeline::carry():194}:195}()
#36 D:/Prabu/Projects/subscription-billing-metering/vendor/laravel/framework/src/Illuminate/Foundation/Http/Middleware/TrimStrings.php(51): Illuminate/Foundation/Http/Middleware/TransformsRequest->handle()
#37 D:/Prabu/Projects/subscription-billing-metering/vendor/laravel/framework/src/Illuminate/Pipeline/Pipeline.php(219): Illuminate/Foundation/Http/Middleware/TrimStrings->handle()
#38 D:/Prabu/Projects/subscription-billing-metering/vendor/laravel/framework/src/Illuminate/Http/Middleware/ValidatePostSize.php(27): Illuminate/Pipeline/Pipeline->{closure:{closure:Illuminate/Pipeline/Pipeline::carry():194}:195}()
#39 D:/Prabu/Projects/subscription-billing-metering/vendor/laravel/framework/src/Illuminate/Pipeline/Pipeline.php(219): Illuminate/Http/Middleware/ValidatePostSize->handle()
#40 D:/Prabu/Projects/subscription-billing-metering/vendor/laravel/framework/src/Illuminate/Foundation/Http/Middleware/PreventRequestsDuringMaintenance.php(110): Illuminate/Pipeline/Pipeline->{closure:{closure:Illuminate/Pipeline/Pipeline::carry():194}:195}()
#41 D:/Prabu/Projects/subscription-billing-metering/vendor/laravel/framework/src/Illuminate/Pipeline/Pipeline.php(219): Illuminate/Foundation/Http/Middleware/PreventRequestsDuringMaintenance->handle()
#42 D:/Prabu/Projects/subscription-billing-metering/vendor/laravel/framework/src/Illuminate/Http/Middleware/HandleCors.php(61): Illuminate/Pipeline/Pipeline->{closure:{closure:Illuminate/Pipeline/Pipeline::carry():194}:195}()
#43 D:/Prabu/Projects/subscription-billing-metering/vendor/laravel/framework/src/Illuminate/Pipeline/Pipeline.php(219): Illuminate/Http/Middleware/HandleCors->handle()
#44 D:/Prabu/Projects/subscription-billing-metering/vendor/laravel/framework/src/Illuminate/Http/Middleware/TrustProxies.php(58): Illuminate/Pipeline/Pipeline->{closure:{closure:Illuminate/Pipeline/Pipeline::carry():194}:195}()
#45 D:/Prabu/Projects/subscription-billing-metering/vendor/laravel/framework/src/Illuminate/Pipeline/Pipeline.php(219): Illuminate/Http/Middleware/TrustProxies->handle()
#46 D:/Prabu/Projects/subscription-billing-metering/vendor/laravel/framework/src/Illuminate/Foundation/Http/Middleware/InvokeDeferredCallbacks.php(22): Illuminate/Pipeline/Pipeline->{closure:{closure:Illuminate/Pipeline/Pipeline::carry():194}:195}()
#47 D:/Prabu/Projects/subscription-billing-metering/vendor/laravel/framework/src/Illuminate/Pipeline/Pipeline.php(219): Illuminate/Foundation/Http/Middleware/InvokeDeferredCallbacks->handle()
#48 D:/Prabu/Projects/subscription-billing-metering/vendor/laravel/framework/src/Illuminate/Http/Middleware/ValidatePathEncoding.php(28): Illuminate/Pipeline/Pipeline->{closure:{closure:Illuminate/Pipeline/Pipeline::carry():194}:195}()
#49 D:/Prabu/Projects/subscription-billing-metering/vendor/laravel/framework/src/Illuminate/Pipeline/Pipeline.php(219): Illuminate/Http/Middleware/ValidatePathEncoding->handle()
#50 D:/Prabu/Projects/subscription-billing-metering/vendor/laravel/framework/src/Illuminate/Pipeline/Pipeline.php(137): Illuminate/Pipeline/Pipeline->{closure:{closure:Illuminate/Pipeline/Pipeline::carry():194}:195}()
#51 D:/Prabu/Projects/subscription-billing-metering/vendor/laravel/framework/src/Illuminate/Foundation/Http/Kernel.php(175): Illuminate/Pipeline/Pipeline->then()
#52 D:/Prabu/Projects/subscription-billing-metering/vendor/laravel/framework/src/Illuminate/Foundation/Http/Kernel.php(144): Illuminate/Foundation/Http/Kernel->sendRequestThroughRouter()
#53 D:/Prabu/Projects/subscription-billing-metering/vendor/laravel/framework/src/Illuminate/Foundation/Application.php(1228): Illuminate/Foundation/Http/Kernel->handle()
#54 D:/Prabu/Projects/subscription-billing-metering/public/index.php(20): Illuminate/Foundation/Application->handleRequest()
#55 D:/Prabu/Projects/subscription-billing-metering/vendor/laravel/framework/src/Illuminate/Foundation/resources/server.php(23): require_once('...')
#56 {main}

[previous exception] [object] (PDOException(code: 42000): SQLSTATE[42000]: Syntax error or access violation: 1064 You have an error in your SQL syntax; check the manual that corresponds to your MySQL server version for the right syntax to use near 'usage, MAX(plans.included_units) as included_units from `daily_usage` inner join' at line 1 at D:/Prabu/Projects/subscription-billing-metering/vendor/laravel/framework/src/Illuminate/Database/Connection.php:435)
[stacktrace]
#0 D:/Prabu/Projects/subscription-billing-metering/vendor/laravel/framework/src/Illuminate/Database/Connection.php(435): PDO->prepare()
#1 D:/Prabu/Projects/subscription-billing-metering/vendor/laravel/framework/src/Illuminate/Database/Connection.php(846): Illuminate/Database/Connection->{closure:Illuminate/Database/Connection::select():426}()
#2 D:/Prabu/Projects/subscription-billing-metering/vendor/laravel/framework/src/Illuminate/Database/Connection.php(813): Illuminate/Database/Connection->runQueryCallback()
#3 D:/Prabu/Projects/subscription-billing-metering/vendor/laravel/framework/src/Illuminate/Database/Connection.php(426): Illuminate/Database/Connection->run()
#4 D:/Prabu/Projects/subscription-billing-metering/vendor/laravel/framework/src/Illuminate/Database/Query/Builder.php(3636): Illuminate/Database/Connection->select()
#5 D:/Prabu/Projects/subscription-billing-metering/vendor/laravel/framework/src/Illuminate/Database/Query/Builder.php(3620): Illuminate/Database/Query/Builder->runSelect()
#6 D:/Prabu/Projects/subscription-billing-metering/app/Services/DashboardService.php(316): Illuminate/Database/Query/Builder->get()
#7 D:/Prabu/Projects/subscription-billing-metering/app/Services/DashboardService.php(39): App/Services/DashboardService->topCustomers()
#8 D:/Prabu/Projects/subscription-billing-metering/app/Http/Controllers/web/DashboardPageController.php(18): App/Services/DashboardService->getDashboard()
#9 D:/Prabu/Projects/subscription-billing-metering/vendor/laravel/framework/src/Illuminate/Routing/ControllerDispatcher.php(46): App/Http/Controllers/web/DashboardPageController->show()
#10 D:/Prabu/Projects/subscription-billing-metering/vendor/laravel/framework/src/Illuminate/Routing/Route.php(276): Illuminate/Routing/ControllerDispatcher->dispatch()
#11 D:/Prabu/Projects/subscription-billing-metering/vendor/laravel/framework/src/Illuminate/Routing/Route.php(216): Illuminate/Routing/Route->runController()
#12 D:/Prabu/Projects/subscription-billing-metering/vendor/laravel/framework/src/Illuminate/Routing/Router.php(822): Illuminate/Routing/Route->run()
#13 D:/Prabu/Projects/subscription-billing-metering/vendor/laravel/framework/src/Illuminate/Pipeline/Pipeline.php(180): Illuminate/Routing/Router->{closure:Illuminate/Routing/Router::runRouteWithinStack():821}()
#14 D:/Prabu/Projects/subscription-billing-metering/vendor/laravel/framework/src/Illuminate/Routing/Middleware/SubstituteBindings.php(52): Illuminate/Pipeline/Pipeline->{closure:Illuminate/Pipeline/Pipeline::prepareDestination():178}()
#15 D:/Prabu/Projects/subscription-billing-metering/vendor/laravel/framework/src/Illuminate/Pipeline/Pipeline.php(219): Illuminate/Routing/Middleware/SubstituteBindings->handle()
#16 D:/Prabu/Projects/subscription-billing-metering/vendor/laravel/framework/src/Illuminate/Foundation/Http/Middleware/PreventRequestForgery.php(104): Illuminate/Pipeline/Pipeline->{closure:{closure:Illuminate/Pipeline/Pipeline::carry():194}:195}()
#17 D:/Prabu/Projects/subscription-billing-metering/vendor/laravel/framework/src/Illuminate/Pipeline/Pipeline.php(219): Illuminate/Foundation/Http/Middleware/PreventRequestForgery->handle()
#18 D:/Prabu/Projects/subscription-billing-metering/vendor/laravel/framework/src/Illuminate/View/Middleware/ShareErrorsFromSession.php(48): Illuminate/Pipeline/Pipeline->{closure:{closure:Illuminate/Pipeline/Pipeline::carry():194}:195}()
#19 D:/Prabu/Projects/subscription-billing-metering/vendor/laravel/framework/src/Illuminate/Pipeline/Pipeline.php(219): Illuminate/View/Middleware/ShareErrorsFromSession->handle()
#20 D:/Prabu/Projects/subscription-billing-metering/vendor/laravel/framework/src/Illuminate/Session/Middleware/StartSession.php(120): Illuminate/Pipeline/Pipeline->{closure:{closure:Illuminate/Pipeline/Pipeline::carry():194}:195}()
#21 D:/Prabu/Projects/subscription-billing-metering/vendor/laravel/framework/src/Illuminate/Session/Middleware/StartSession.php(63): Illuminate/Session/Middleware/StartSession->handleStatefulRequest()
#22 D:/Prabu/Projects/subscription-billing-metering/vendor/laravel/framework/src/Illuminate/Pipeline/Pipeline.php(219): Illuminate/Session/Middleware/StartSession->handle()
#23 D:/Prabu/Projects/subscription-billing-metering/vendor/laravel/framework/src/Illuminate/Cookie/Middleware/AddQueuedCookiesToResponse.php(36): Illuminate/Pipeline/Pipeline->{closure:{closure:Illuminate/Pipeline/Pipeline::carry():194}:195}()
#24 D:/Prabu/Projects/subscription-billing-metering/vendor/laravel/framework/src/Illuminate/Pipeline/Pipeline.php(219): Illuminate/Cookie/Middleware/AddQueuedCookiesToResponse->handle()
#25 D:/Prabu/Projects/subscription-billing-metering/vendor/laravel/framework/src/Illuminate/Cookie/Middleware/EncryptCookies.php(74): Illuminate/Pipeline/Pipeline->{closure:{closure:Illuminate/Pipeline/Pipeline::carry():194}:195}()
#26 D:/Prabu/Projects/subscription-billing-metering/vendor/laravel/framework/src/Illuminate/Pipeline/Pipeline.php(219): Illuminate/Cookie/Middleware/EncryptCookies->handle()
#27 D:/Prabu/Projects/subscription-billing-metering/vendor/laravel/framework/src/Illuminate/Pipeline/Pipeline.php(137): Illuminate/Pipeline/Pipeline->{closure:{closure:Illuminate/Pipeline/Pipeline::carry():194}:195}()
#28 D:/Prabu/Projects/subscription-billing-metering/vendor/laravel/framework/src/Illuminate/Routing/Router.php(821): Illuminate/Pipeline/Pipeline->then()
#29 D:/Prabu/Projects/subscription-billing-metering/vendor/laravel/framework/src/Illuminate/Routing/Router.php(800): Illuminate/Routing/Router->runRouteWithinStack()
#30 D:/Prabu/Projects/subscription-billing-metering/vendor/laravel/framework/src/Illuminate/Routing/Router.php(764): Illuminate/Routing/Router->runRoute()
#31 D:/Prabu/Projects/subscription-billing-metering/vendor/laravel/framework/src/Illuminate/Routing/Router.php(753): Illuminate/Routing/Router->dispatchToRoute()
#32 D:/Prabu/Projects/subscription-billing-metering/vendor/laravel/framework/src/Illuminate/Foundation/Http/Kernel.php(200): Illuminate/Routing/Router->dispatch()
#33 D:/Prabu/Projects/subscription-billing-metering/vendor/laravel/framework/src/Illuminate/Pipeline/Pipeline.php(180): Illuminate/Foundation/Http/Kernel->{closure:Illuminate/Foundation/Http/Kernel::dispatchToRouter():197}()
#34 D:/Prabu/Projects/subscription-billing-metering/vendor/laravel/framework/src/Illuminate/Foundation/Http/Middleware/TransformsRequest.php(21): Illuminate/Pipeline/Pipeline->{closure:Illuminate/Pipeline/Pipeline::prepareDestination():178}()
#35 D:/Prabu/Projects/subscription-billing-metering/vendor/laravel/framework/src/Illuminate/Foundation/Http/Middleware/ConvertEmptyStringsToNull.php(31): Illuminate/Foundation/Http/Middleware/TransformsRequest->handle()
#36 D:/Prabu/Projects/subscription-billing-metering/vendor/laravel/framework/src/Illuminate/Pipeline/Pipeline.php(219): Illuminate/Foundation/Http/Middleware/ConvertEmptyStringsToNull->handle()
#37 D:/Prabu/Projects/subscription-billing-metering/vendor/laravel/framework/src/Illuminate/Foundation/Http/Middleware/TransformsRequest.php(21): Illuminate/Pipeline/Pipeline->{closure:{closure:Illuminate/Pipeline/Pipeline::carry():194}:195}()
#38 D:/Prabu/Projects/subscription-billing-metering/vendor/laravel/framework/src/Illuminate/Foundation/Http/Middleware/TrimStrings.php(51): Illuminate/Foundation/Http/Middleware/TransformsRequest->handle()
#39 D:/Prabu/Projects/subscription-billing-metering/vendor/laravel/framework/src/Illuminate/Pipeline/Pipeline.php(219): Illuminate/Foundation/Http/Middleware/TrimStrings->handle()
#40 D:/Prabu/Projects/subscription-billing-metering/vendor/laravel/framework/src/Illuminate/Http/Middleware/ValidatePostSize.php(27): Illuminate/Pipeline/Pipeline->{closure:{closure:Illuminate/Pipeline/Pipeline::carry():194}:195}()
#41 D:/Prabu/Projects/subscription-billing-metering/vendor/laravel/framework/src/Illuminate/Pipeline/Pipeline.php(219): Illuminate/Http/Middleware/ValidatePostSize->handle()
#42 D:/Prabu/Projects/subscription-billing-metering/vendor/laravel/framework/src/Illuminate/Foundation/Http/Middleware/PreventRequestsDuringMaintenance.php(110): Illuminate/Pipeline/Pipeline->{closure:{closure:Illuminate/Pipeline/Pipeline::carry():194}:195}()
#43 D:/Prabu/Projects/subscription-billing-metering/vendor/laravel/framework/src/Illuminate/Pipeline/Pipeline.php(219): Illuminate/Foundation/Http/Middleware/PreventRequestsDuringMaintenance->handle()
#44 D:/Prabu/Projects/subscription-billing-metering/vendor/laravel/framework/src/Illuminate/Http/Middleware/HandleCors.php(61): Illuminate/Pipeline/Pipeline->{closure:{closure:Illuminate/Pipeline/Pipeline::carry():194}:195}()
#45 D:/Prabu/Projects/subscription-billing-metering/vendor/laravel/framework/src/Illuminate/Pipeline/Pipeline.php(219): Illuminate/Http/Middleware/HandleCors->handle()
#46 D:/Prabu/Projects/subscription-billing-metering/vendor/laravel/framework/src/Illuminate/Http/Middleware/TrustProxies.php(58): Illuminate/Pipeline/Pipeline->{closure:{closure:Illuminate/Pipeline/Pipeline::carry():194}:195}()
#47 D:/Prabu/Projects/subscription-billing-metering/vendor/laravel/framework/src/Illuminate/Pipeline/Pipeline.php(219): Illuminate/Http/Middleware/TrustProxies->handle()
#48 D:/Prabu/Projects/subscription-billing-metering/vendor/laravel/framework/src/Illuminate/Foundation/Http/Middleware/InvokeDeferredCallbacks.php(22): Illuminate/Pipeline/Pipeline->{closure:{closure:Illuminate/Pipeline/Pipeline::carry():194}:195}()
#49 D:/Prabu/Projects/subscription-billing-metering/vendor/laravel/framework/src/Illuminate/Pipeline/Pipeline.php(219): Illuminate/Foundation/Http/Middleware/InvokeDeferredCallbacks->handle()
#50 D:/Prabu/Projects/subscription-billing-metering/vendor/laravel/framework/src/Illuminate/Http/Middleware/ValidatePathEncoding.php(28): Illuminate/Pipeline/Pipeline->{closure:{closure:Illuminate/Pipeline/Pipeline::carry():194}:195}()
#51 D:/Prabu/Projects/subscription-billing-metering/vendor/laravel/framework/src/Illuminate/Pipeline/Pipeline.php(219): Illuminate/Http/Middleware/ValidatePathEncoding->handle()
#52 D:/Prabu/Projects/subscription-billing-metering/vendor/laravel/framework/src/Illuminate/Pipeline/Pipeline.php(137): Illuminate/Pipeline/Pipeline->{closure:{closure:Illuminate/Pipeline/Pipeline::carry():194}:195}()
#53 D:/Prabu/Projects/subscription-billing-metering/vendor/laravel/framework/src/Illuminate/Foundation/Http/Kernel.php(175): Illuminate/Pipeline/Pipeline->then()
#54 D:/Prabu/Projects/subscription-billing-metering/vendor/laravel/framework/src/Illuminate/Foundation/Http/Kernel.php(144): Illuminate/Foundation/Http/Kernel->sendRequestThroughRouter()
#55 D:/Prabu/Projects/subscription-billing-metering/vendor/laravel/framework/src/Illuminate/Foundation/Application.php(1228): Illuminate/Foundation/Http/Kernel->handle()
#56 D:/Prabu/Projects/subscription-billing-metering/public/index.php(20): Illuminate/Foundation/Application->handleRequest()
#57 D:/Prabu/Projects/subscription-billing-metering/vendor/laravel/framework/src/Illuminate/Foundation/resources/server.php(23): require_once('...')
#58 {main}
"} 
[2026-10-04 10:28:55] local.ERROR: SQLSTATE[HY000]: General error: 1525 Incorrect DATE value: '2026-1php artisan optimize:clear0-02' (Connection: mysql, Host: 127.0.0.1, Port: 3306, Database: subscription_billing_metering, SQL: select `merchant_id`, `customer_id`, `subscription_id`, `usage_date`, SUM(quantity) as total_units from `usage_events` where `merchant_id` = 1 and `usage_date` = 2026-1php artisan optimize:clear0-02 group by `merchant_id`, `customer_id`, `subscription_id`, `usage_date`) {"exception":"[object] (Illuminate\\Database\\QueryException(code: HY000): SQLSTATE[HY000]: General error: 1525 Incorrect DATE value: '2026-1php artisan optimize:clear0-02' (Connection: mysql, Host: 127.0.0.1, Port: 3306, Database: subscription_billing_metering, SQL: select `merchant_id`, `customer_id`, `subscription_id`, `usage_date`, SUM(quantity) as total_units from `usage_events` where `merchant_id` = 1 and `usage_date` = 2026-1php artisan optimize:clear0-02 group by `merchant_id`, `customer_id`, `subscription_id`, `usage_date`) at D:/Prabu/Projects/subscription-billing-metering/vendor/laravel/framework/src/Illuminate/Database/Connection.php:857)
[stacktrace]
#0 D:/Prabu/Projects/subscription-billing-metering/vendor/laravel/framework/src/Illuminate/Database/Connection.php(813): Illuminate/Database/Connection->runQueryCallback()
#1 D:/Prabu/Projects/subscription-billing-metering/vendor/laravel/framework/src/Illuminate/Database/Connection.php(426): Illuminate/Database/Connection->run()
#2 D:/Prabu/Projects/subscription-billing-metering/vendor/laravel/framework/src/Illuminate/Database/Query/Builder.php(3636): Illuminate/Database/Connection->select()
#3 D:/Prabu/Projects/subscription-billing-metering/vendor/laravel/framework/src/Illuminate/Database/Query/Builder.php(3620): Illuminate/Database/Query/Builder->runSelect()
#4 D:/Prabu/Projects/subscription-billing-metering/vendor/laravel/framework/src/Illuminate/Database/Eloquent/Builder.php(941): Illuminate/Database/Query/Builder->get()
#5 D:/Prabu/Projects/subscription-billing-metering/vendor/laravel/framework/src/Illuminate/Database/Eloquent/Builder.php(923): Illuminate/Database/Eloquent/Builder->getModels()
#6 D:/Prabu/Projects/subscription-billing-metering/app/Jobs/AggregateDailyUsageJob.php(68): Illuminate/Database/Eloquent/Builder->get()
#7 D:/Prabu/Projects/subscription-billing-metering/vendor/laravel/framework/src/Illuminate/Container/BoundMethod.php(36): App/Jobs/AggregateDailyUsageJob->handle()
#8 D:/Prabu/Projects/subscription-billing-metering/vendor/laravel/framework/src/Illuminate/Container/Util.php(43): Illuminate/Container/BoundMethod::{closure:Illuminate/Container/BoundMethod::call():35}()
#9 D:/Prabu/Projects/subscription-billing-metering/vendor/laravel/framework/src/Illuminate/Container/BoundMethod.php(96): Illuminate/Container/Util::unwrapIfClosure()
#10 D:/Prabu/Projects/subscription-billing-metering/vendor/laravel/framework/src/Illuminate/Container/BoundMethod.php(35): Illuminate/Container/BoundMethod::callBoundMethod()
#11 D:/Prabu/Projects/subscription-billing-metering/vendor/laravel/framework/src/Illuminate/Container/Container.php(803): Illuminate/Container/BoundMethod::call()
#12 D:/Prabu/Projects/subscription-billing-metering/vendor/laravel/framework/src/Illuminate/Bus/Dispatcher.php(136): Illuminate/Container/Container->call()
#13 D:/Prabu/Projects/subscription-billing-metering/vendor/laravel/framework/src/Illuminate/Pipeline/Pipeline.php(180): Illuminate/Bus/Dispatcher->{closure:Illuminate/Bus/Dispatcher::dispatchNow():133}()
#14 D:/Prabu/Projects/subscription-billing-metering/vendor/laravel/framework/src/Illuminate/Pipeline/Pipeline.php(137): Illuminate/Pipeline/Pipeline->{closure:Illuminate/Pipeline/Pipeline::prepareDestination():178}()
#15 D:/Prabu/Projects/subscription-billing-metering/vendor/laravel/framework/src/Illuminate/Bus/Dispatcher.php(140): Illuminate/Pipeline/Pipeline->then()
#16 D:/Prabu/Projects/subscription-billing-metering/vendor/laravel/framework/src/Illuminate/Queue/CallQueuedHandler.php(159): Illuminate/Bus/Dispatcher->dispatchNow()
#17 D:/Prabu/Projects/subscription-billing-metering/vendor/laravel/framework/src/Illuminate/Pipeline/Pipeline.php(180): Illuminate/Queue/CallQueuedHandler->{closure:Illuminate/Queue/CallQueuedHandler::dispatchThroughMiddleware():148}()
#18 D:/Prabu/Projects/subscription-billing-metering/vendor/laravel/framework/src/Illuminate/Pipeline/Pipeline.php(137): Illuminate/Pipeline/Pipeline->{closure:Illuminate/Pipeline/Pipeline::prepareDestination():178}()
#19 D:/Prabu/Projects/subscription-billing-metering/vendor/laravel/framework/src/Illuminate/Queue/CallQueuedHandler.php(148): Illuminate/Pipeline/Pipeline->then()
#20 D:/Prabu/Projects/subscription-billing-metering/vendor/laravel/framework/src/Illuminate/Queue/CallQueuedHandler.php(86): Illuminate/Queue/CallQueuedHandler->dispatchThroughMiddleware()
#21 D:/Prabu/Projects/subscription-billing-metering/vendor/laravel/framework/src/Illuminate/Queue/Jobs/Job.php(102): Illuminate/Queue/CallQueuedHandler->call()
#22 D:/Prabu/Projects/subscription-billing-metering/vendor/laravel/framework/src/Illuminate/Queue/Worker.php(631): Illuminate/Queue/Jobs/Job->fire()
#23 D:/Prabu/Projects/subscription-billing-metering/vendor/laravel/framework/src/Illuminate/Queue/Worker.php(573): Illuminate/Queue/Worker->process()
#24 D:/Prabu/Projects/subscription-billing-metering/vendor/laravel/framework/src/Illuminate/Queue/Worker.php(282): Illuminate/Queue/Worker->runJob()
#25 D:/Prabu/Projects/subscription-billing-metering/vendor/laravel/framework/src/Illuminate/Queue/Console/WorkCommand.php(152): Illuminate/Queue/Worker->daemon()
#26 D:/Prabu/Projects/subscription-billing-metering/vendor/laravel/framework/src/Illuminate/Queue/Console/WorkCommand.php(135): Illuminate/Queue/Console/WorkCommand->runWorker()
#27 D:/Prabu/Projects/subscription-billing-metering/vendor/laravel/framework/src/Illuminate/Container/BoundMethod.php(36): Illuminate/Queue/Console/WorkCommand->handle()
#28 D:/Prabu/Projects/subscription-billing-metering/vendor/laravel/framework/src/Illuminate/Container/Util.php(43): Illuminate/Container/BoundMethod::{closure:Illuminate/Container/BoundMethod::call():35}()
#29 D:/Prabu/Projects/subscription-billing-metering/vendor/laravel/framework/src/Illuminate/Container/BoundMethod.php(96): Illuminate/Container/Util::unwrapIfClosure()
#30 D:/Prabu/Projects/subscription-billing-metering/vendor/laravel/framework/src/Illuminate/Container/BoundMethod.php(35): Illuminate/Container/BoundMethod::callBoundMethod()
#31 D:/Prabu/Projects/subscription-billing-metering/vendor/laravel/framework/src/Illuminate/Container/Container.php(803): Illuminate/Container/BoundMethod::call()
#32 D:/Prabu/Projects/subscription-billing-metering/vendor/laravel/framework/src/Illuminate/Console/Command.php(292): Illuminate/Container/Container->call()
#33 D:/Prabu/Projects/subscription-billing-metering/vendor/symfony/console/Command/Command.php(285): Illuminate/Console/Command->execute()
#34 D:/Prabu/Projects/subscription-billing-metering/vendor/laravel/framework/src/Illuminate/Console/Command.php(261): Symfony/Component/Console/Command/Command->run()
#35 D:/Prabu/Projects/subscription-billing-metering/vendor/symfony/console/Application.php(1144): Illuminate/Console/Command->run()
#36 D:/Prabu/Projects/subscription-billing-metering/vendor/symfony/console/Application.php(379): Symfony/Component/Console/Application->doRunCommand()
#37 D:/Prabu/Projects/subscription-billing-metering/vendor/symfony/console/Application.php(218): Symfony/Component/Console/Application->doRun()
#38 D:/Prabu/Projects/subscription-billing-metering/vendor/laravel/framework/src/Illuminate/Foundation/Console/Kernel.php(198): Symfony/Component/Console/Application->run()
#39 D:/Prabu/Projects/subscription-billing-metering/vendor/laravel/framework/src/Illuminate/Foundation/Application.php(1243): Illuminate/Foundation/Console/Kernel->handle()
#40 D:/Prabu/Projects/subscription-billing-metering/artisan(16): Illuminate/Foundation/Application->handleCommand()
#41 {main}

[previous exception] [object] (PDOException(code: HY000): SQLSTATE[HY000]: General error: 1525 Incorrect DATE value: '2026-1php artisan optimize:clear0-02' at D:/Prabu/Projects/subscription-billing-metering/vendor/laravel/framework/src/Illuminate/Database/Connection.php:440)
[stacktrace]
#0 D:/Prabu/Projects/subscription-billing-metering/vendor/laravel/framework/src/Illuminate/Database/Connection.php(440): PDOStatement->execute()
#1 D:/Prabu/Projects/subscription-billing-metering/vendor/laravel/framework/src/Illuminate/Database/Connection.php(846): Illuminate/Database/Connection->{closure:Illuminate/Database/Connection::select():426}()
#2 D:/Prabu/Projects/subscription-billing-metering/vendor/laravel/framework/src/Illuminate/Database/Connection.php(813): Illuminate/Database/Connection->runQueryCallback()
#3 D:/Prabu/Projects/subscription-billing-metering/vendor/laravel/framework/src/Illuminate/Database/Connection.php(426): Illuminate/Database/Connection->run()
#4 D:/Prabu/Projects/subscription-billing-metering/vendor/laravel/framework/src/Illuminate/Database/Query/Builder.php(3636): Illuminate/Database/Connection->select()
#5 D:/Prabu/Projects/subscription-billing-metering/vendor/laravel/framework/src/Illuminate/Database/Query/Builder.php(3620): Illuminate/Database/Query/Builder->runSelect()
#6 D:/Prabu/Projects/subscription-billing-metering/vendor/laravel/framework/src/Illuminate/Database/Eloquent/Builder.php(941): Illuminate/Database/Query/Builder->get()
#7 D:/Prabu/Projects/subscription-billing-metering/vendor/laravel/framework/src/Illuminate/Database/Eloquent/Builder.php(923): Illuminate/Database/Eloquent/Builder->getModels()
#8 D:/Prabu/Projects/subscription-billing-metering/app/Jobs/AggregateDailyUsageJob.php(68): Illuminate/Database/Eloquent/Builder->get()
#9 D:/Prabu/Projects/subscription-billing-metering/vendor/laravel/framework/src/Illuminate/Container/BoundMethod.php(36): App/Jobs/AggregateDailyUsageJob->handle()
#10 D:/Prabu/Projects/subscription-billing-metering/vendor/laravel/framework/src/Illuminate/Container/Util.php(43): Illuminate/Container/BoundMethod::{closure:Illuminate/Container/BoundMethod::call():35}()
#11 D:/Prabu/Projects/subscription-billing-metering/vendor/laravel/framework/src/Illuminate/Container/BoundMethod.php(96): Illuminate/Container/Util::unwrapIfClosure()
#12 D:/Prabu/Projects/subscription-billing-metering/vendor/laravel/framework/src/Illuminate/Container/BoundMethod.php(35): Illuminate/Container/BoundMethod::callBoundMethod()
#13 D:/Prabu/Projects/subscription-billing-metering/vendor/laravel/framework/src/Illuminate/Container/Container.php(803): Illuminate/Container/BoundMethod::call()
#14 D:/Prabu/Projects/subscription-billing-metering/vendor/laravel/framework/src/Illuminate/Bus/Dispatcher.php(136): Illuminate/Container/Container->call()
#15 D:/Prabu/Projects/subscription-billing-metering/vendor/laravel/framework/src/Illuminate/Pipeline/Pipeline.php(180): Illuminate/Bus/Dispatcher->{closure:Illuminate/Bus/Dispatcher::dispatchNow():133}()
#16 D:/Prabu/Projects/subscription-billing-metering/vendor/laravel/framework/src/Illuminate/Pipeline/Pipeline.php(137): Illuminate/Pipeline/Pipeline->{closure:Illuminate/Pipeline/Pipeline::prepareDestination():178}()
#17 D:/Prabu/Projects/subscription-billing-metering/vendor/laravel/framework/src/Illuminate/Bus/Dispatcher.php(140): Illuminate/Pipeline/Pipeline->then()
#18 D:/Prabu/Projects/subscription-billing-metering/vendor/laravel/framework/src/Illuminate/Queue/CallQueuedHandler.php(159): Illuminate/Bus/Dispatcher->dispatchNow()
#19 D:/Prabu/Projects/subscription-billing-metering/vendor/laravel/framework/src/Illuminate/Pipeline/Pipeline.php(180): Illuminate/Queue/CallQueuedHandler->{closure:Illuminate/Queue/CallQueuedHandler::dispatchThroughMiddleware():148}()
#20 D:/Prabu/Projects/subscription-billing-metering/vendor/laravel/framework/src/Illuminate/Pipeline/Pipeline.php(137): Illuminate/Pipeline/Pipeline->{closure:Illuminate/Pipeline/Pipeline::prepareDestination():178}()
#21 D:/Prabu/Projects/subscription-billing-metering/vendor/laravel/framework/src/Illuminate/Queue/CallQueuedHandler.php(148): Illuminate/Pipeline/Pipeline->then()
#22 D:/Prabu/Projects/subscription-billing-metering/vendor/laravel/framework/src/Illuminate/Queue/CallQueuedHandler.php(86): Illuminate/Queue/CallQueuedHandler->dispatchThroughMiddleware()
#23 D:/Prabu/Projects/subscription-billing-metering/vendor/laravel/framework/src/Illuminate/Queue/Jobs/Job.php(102): Illuminate/Queue/CallQueuedHandler->call()
#24 D:/Prabu/Projects/subscription-billing-metering/vendor/laravel/framework/src/Illuminate/Queue/Worker.php(631): Illuminate/Queue/Jobs/Job->fire()
#25 D:/Prabu/Projects/subscription-billing-metering/vendor/laravel/framework/src/Illuminate/Queue/Worker.php(573): Illuminate/Queue/Worker->process()
#26 D:/Prabu/Projects/subscription-billing-metering/vendor/laravel/framework/src/Illuminate/Queue/Worker.php(282): Illuminate/Queue/Worker->runJob()
#27 D:/Prabu/Projects/subscription-billing-metering/vendor/laravel/framework/src/Illuminate/Queue/Console/WorkCommand.php(152): Illuminate/Queue/Worker->daemon()
#28 D:/Prabu/Projects/subscription-billing-metering/vendor/laravel/framework/src/Illuminate/Queue/Console/WorkCommand.php(135): Illuminate/Queue/Console/WorkCommand->runWorker()
#29 D:/Prabu/Projects/subscription-billing-metering/vendor/laravel/framework/src/Illuminate/Container/BoundMethod.php(36): Illuminate/Queue/Console/WorkCommand->handle()
#30 D:/Prabu/Projects/subscription-billing-metering/vendor/laravel/framework/src/Illuminate/Container/Util.php(43): Illuminate/Container/BoundMethod::{closure:Illuminate/Container/BoundMethod::call():35}()
#31 D:/Prabu/Projects/subscription-billing-metering/vendor/laravel/framework/src/Illuminate/Container/BoundMethod.php(96): Illuminate/Container/Util::unwrapIfClosure()
#32 D:/Prabu/Projects/subscription-billing-metering/vendor/laravel/framework/src/Illuminate/Container/BoundMethod.php(35): Illuminate/Container/BoundMethod::callBoundMethod()
#33 D:/Prabu/Projects/subscription-billing-metering/vendor/laravel/framework/src/Illuminate/Container/Container.php(803): Illuminate/Container/BoundMethod::call()
#34 D:/Prabu/Projects/subscription-billing-metering/vendor/laravel/framework/src/Illuminate/Console/Command.php(292): Illuminate/Container/Container->call()
#35 D:/Prabu/Projects/subscription-billing-metering/vendor/symfony/console/Command/Command.php(285): Illuminate/Console/Command->execute()
#36 D:/Prabu/Projects/subscription-billing-metering/vendor/laravel/framework/src/Illuminate/Console/Command.php(261): Symfony/Component/Console/Command/Command->run()
#37 D:/Prabu/Projects/subscription-billing-metering/vendor/symfony/console/Application.php(1144): Illuminate/Console/Command->run()
#38 D:/Prabu/Projects/subscription-billing-metering/vendor/symfony/console/Application.php(379): Symfony/Component/Console/Application->doRunCommand()
#39 D:/Prabu/Projects/subscription-billing-metering/vendor/symfony/console/Application.php(218): Symfony/Component/Console/Application->doRun()
#40 D:/Prabu/Projects/subscription-billing-metering/vendor/laravel/framework/src/Illuminate/Foundation/Console/Kernel.php(198): Symfony/Component/Console/Application->run()
#41 D:/Prabu/Projects/subscription-billing-metering/vendor/laravel/framework/src/Illuminate/Foundation/Application.php(1243): Illuminate/Foundation/Console/Kernel->handle()
#42 D:/Prabu/Projects/subscription-billing-metering/artisan(16): Illuminate/Foundation/Application->handleCommand()
#43 {main}
"} 
[2026-10-04 10:28:55] local.ERROR: SQLSTATE[HY000]: General error: 1525 Incorrect DATE value: '2026-1php artisan optimize:clear0-02' (Connection: mysql, Host: 127.0.0.1, Port: 3306, Database: subscription_billing_metering, SQL: select `merchant_id`, `customer_id`, `subscription_id`, `usage_date`, SUM(quantity) as total_units from `usage_events` where `merchant_id` = 1 and `usage_date` = 2026-1php artisan optimize:clear0-02 group by `merchant_id`, `customer_id`, `subscription_id`, `usage_date`) {"exception":"[object] (Illuminate\\Database\\QueryException(code: HY000): SQLSTATE[HY000]: General error: 1525 Incorrect DATE value: '2026-1php artisan optimize:clear0-02' (Connection: mysql, Host: 127.0.0.1, Port: 3306, Database: subscription_billing_metering, SQL: select `merchant_id`, `customer_id`, `subscription_id`, `usage_date`, SUM(quantity) as total_units from `usage_events` where `merchant_id` = 1 and `usage_date` = 2026-1php artisan optimize:clear0-02 group by `merchant_id`, `customer_id`, `subscription_id`, `usage_date`) at D:/Prabu/Projects/subscription-billing-metering/vendor/laravel/framework/src/Illuminate/Database/Connection.php:857)
[stacktrace]
#0 D:/Prabu/Projects/subscription-billing-metering/vendor/laravel/framework/src/Illuminate/Database/Connection.php(813): Illuminate/Database/Connection->runQueryCallback()
#1 D:/Prabu/Projects/subscription-billing-metering/vendor/laravel/framework/src/Illuminate/Database/Connection.php(426): Illuminate/Database/Connection->run()
#2 D:/Prabu/Projects/subscription-billing-metering/vendor/laravel/framework/src/Illuminate/Database/Query/Builder.php(3636): Illuminate/Database/Connection->select()
#3 D:/Prabu/Projects/subscription-billing-metering/vendor/laravel/framework/src/Illuminate/Database/Query/Builder.php(3620): Illuminate/Database/Query/Builder->runSelect()
#4 D:/Prabu/Projects/subscription-billing-metering/vendor/laravel/framework/src/Illuminate/Database/Eloquent/Builder.php(941): Illuminate/Database/Query/Builder->get()
#5 D:/Prabu/Projects/subscription-billing-metering/vendor/laravel/framework/src/Illuminate/Database/Eloquent/Builder.php(923): Illuminate/Database/Eloquent/Builder->getModels()
#6 D:/Prabu/Projects/subscription-billing-metering/app/Jobs/AggregateDailyUsageJob.php(68): Illuminate/Database/Eloquent/Builder->get()
#7 D:/Prabu/Projects/subscription-billing-metering/vendor/laravel/framework/src/Illuminate/Container/BoundMethod.php(36): App/Jobs/AggregateDailyUsageJob->handle()
#8 D:/Prabu/Projects/subscription-billing-metering/vendor/laravel/framework/src/Illuminate/Container/Util.php(43): Illuminate/Container/BoundMethod::{closure:Illuminate/Container/BoundMethod::call():35}()
#9 D:/Prabu/Projects/subscription-billing-metering/vendor/laravel/framework/src/Illuminate/Container/BoundMethod.php(96): Illuminate/Container/Util::unwrapIfClosure()
#10 D:/Prabu/Projects/subscription-billing-metering/vendor/laravel/framework/src/Illuminate/Container/BoundMethod.php(35): Illuminate/Container/BoundMethod::callBoundMethod()
#11 D:/Prabu/Projects/subscription-billing-metering/vendor/laravel/framework/src/Illuminate/Container/Container.php(803): Illuminate/Container/BoundMethod::call()
#12 D:/Prabu/Projects/subscription-billing-metering/vendor/laravel/framework/src/Illuminate/Bus/Dispatcher.php(136): Illuminate/Container/Container->call()
#13 D:/Prabu/Projects/subscription-billing-metering/vendor/laravel/framework/src/Illuminate/Pipeline/Pipeline.php(180): Illuminate/Bus/Dispatcher->{closure:Illuminate/Bus/Dispatcher::dispatchNow():133}()
#14 D:/Prabu/Projects/subscription-billing-metering/vendor/laravel/framework/src/Illuminate/Pipeline/Pipeline.php(137): Illuminate/Pipeline/Pipeline->{closure:Illuminate/Pipeline/Pipeline::prepareDestination():178}()
#15 D:/Prabu/Projects/subscription-billing-metering/vendor/laravel/framework/src/Illuminate/Bus/Dispatcher.php(140): Illuminate/Pipeline/Pipeline->then()
#16 D:/Prabu/Projects/subscription-billing-metering/vendor/laravel/framework/src/Illuminate/Queue/CallQueuedHandler.php(159): Illuminate/Bus/Dispatcher->dispatchNow()
#17 D:/Prabu/Projects/subscription-billing-metering/vendor/laravel/framework/src/Illuminate/Pipeline/Pipeline.php(180): Illuminate/Queue/CallQueuedHandler->{closure:Illuminate/Queue/CallQueuedHandler::dispatchThroughMiddleware():148}()
#18 D:/Prabu/Projects/subscription-billing-metering/vendor/laravel/framework/src/Illuminate/Pipeline/Pipeline.php(137): Illuminate/Pipeline/Pipeline->{closure:Illuminate/Pipeline/Pipeline::prepareDestination():178}()
#19 D:/Prabu/Projects/subscription-billing-metering/vendor/laravel/framework/src/Illuminate/Queue/CallQueuedHandler.php(148): Illuminate/Pipeline/Pipeline->then()
#20 D:/Prabu/Projects/subscription-billing-metering/vendor/laravel/framework/src/Illuminate/Queue/CallQueuedHandler.php(86): Illuminate/Queue/CallQueuedHandler->dispatchThroughMiddleware()
#21 D:/Prabu/Projects/subscription-billing-metering/vendor/laravel/framework/src/Illuminate/Queue/Jobs/Job.php(102): Illuminate/Queue/CallQueuedHandler->call()
#22 D:/Prabu/Projects/subscription-billing-metering/vendor/laravel/framework/src/Illuminate/Queue/Worker.php(631): Illuminate/Queue/Jobs/Job->fire()
#23 D:/Prabu/Projects/subscription-billing-metering/vendor/laravel/framework/src/Illuminate/Queue/Worker.php(573): Illuminate/Queue/Worker->process()
#24 D:/Prabu/Projects/subscription-billing-metering/vendor/laravel/framework/src/Illuminate/Queue/Worker.php(282): Illuminate/Queue/Worker->runJob()
#25 D:/Prabu/Projects/subscription-billing-metering/vendor/laravel/framework/src/Illuminate/Queue/Console/WorkCommand.php(152): Illuminate/Queue/Worker->daemon()
#26 D:/Prabu/Projects/subscription-billing-metering/vendor/laravel/framework/src/Illuminate/Queue/Console/WorkCommand.php(135): Illuminate/Queue/Console/WorkCommand->runWorker()
#27 D:/Prabu/Projects/subscription-billing-metering/vendor/laravel/framework/src/Illuminate/Container/BoundMethod.php(36): Illuminate/Queue/Console/WorkCommand->handle()
#28 D:/Prabu/Projects/subscription-billing-metering/vendor/laravel/framework/src/Illuminate/Container/Util.php(43): Illuminate/Container/BoundMethod::{closure:Illuminate/Container/BoundMethod::call():35}()
#29 D:/Prabu/Projects/subscription-billing-metering/vendor/laravel/framework/src/Illuminate/Container/BoundMethod.php(96): Illuminate/Container/Util::unwrapIfClosure()
#30 D:/Prabu/Projects/subscription-billing-metering/vendor/laravel/framework/src/Illuminate/Container/BoundMethod.php(35): Illuminate/Container/BoundMethod::callBoundMethod()
#31 D:/Prabu/Projects/subscription-billing-metering/vendor/laravel/framework/src/Illuminate/Container/Container.php(803): Illuminate/Container/BoundMethod::call()
#32 D:/Prabu/Projects/subscription-billing-metering/vendor/laravel/framework/src/Illuminate/Console/Command.php(292): Illuminate/Container/Container->call()
#33 D:/Prabu/Projects/subscription-billing-metering/vendor/symfony/console/Command/Command.php(285): Illuminate/Console/Command->execute()
#34 D:/Prabu/Projects/subscription-billing-metering/vendor/laravel/framework/src/Illuminate/Console/Command.php(261): Symfony/Component/Console/Command/Command->run()
#35 D:/Prabu/Projects/subscription-billing-metering/vendor/symfony/console/Application.php(1144): Illuminate/Console/Command->run()
#36 D:/Prabu/Projects/subscription-billing-metering/vendor/symfony/console/Application.php(379): Symfony/Component/Console/Application->doRunCommand()
#37 D:/Prabu/Projects/subscription-billing-metering/vendor/symfony/console/Application.php(218): Symfony/Component/Console/Application->doRun()
#38 D:/Prabu/Projects/subscription-billing-metering/vendor/laravel/framework/src/Illuminate/Foundation/Console/Kernel.php(198): Symfony/Component/Console/Application->run()
#39 D:/Prabu/Projects/subscription-billing-metering/vendor/laravel/framework/src/Illuminate/Foundation/Application.php(1243): Illuminate/Foundation/Console/Kernel->handle()
#40 D:/Prabu/Projects/subscription-billing-metering/artisan(16): Illuminate/Foundation/Application->handleCommand()
#41 {main}

[previous exception] [object] (PDOException(code: HY000): SQLSTATE[HY000]: General error: 1525 Incorrect DATE value: '2026-1php artisan optimize:clear0-02' at D:/Prabu/Projects/subscription-billing-metering/vendor/laravel/framework/src/Illuminate/Database/Connection.php:440)
[stacktrace]
#0 D:/Prabu/Projects/subscription-billing-metering/vendor/laravel/framework/src/Illuminate/Database/Connection.php(440): PDOStatement->execute()
#1 D:/Prabu/Projects/subscription-billing-metering/vendor/laravel/framework/src/Illuminate/Database/Connection.php(846): Illuminate/Database/Connection->{closure:Illuminate/Database/Connection::select():426}()
#2 D:/Prabu/Projects/subscription-billing-metering/vendor/laravel/framework/src/Illuminate/Database/Connection.php(813): Illuminate/Database/Connection->runQueryCallback()
#3 D:/Prabu/Projects/subscription-billing-metering/vendor/laravel/framework/src/Illuminate/Database/Connection.php(426): Illuminate/Database/Connection->run()
#4 D:/Prabu/Projects/subscription-billing-metering/vendor/laravel/framework/src/Illuminate/Database/Query/Builder.php(3636): Illuminate/Database/Connection->select()
#5 D:/Prabu/Projects/subscription-billing-metering/vendor/laravel/framework/src/Illuminate/Database/Query/Builder.php(3620): Illuminate/Database/Query/Builder->runSelect()
#6 D:/Prabu/Projects/subscription-billing-metering/vendor/laravel/framework/src/Illuminate/Database/Eloquent/Builder.php(941): Illuminate/Database/Query/Builder->get()
#7 D:/Prabu/Projects/subscription-billing-metering/vendor/laravel/framework/src/Illuminate/Database/Eloquent/Builder.php(923): Illuminate/Database/Eloquent/Builder->getModels()
#8 D:/Prabu/Projects/subscription-billing-metering/app/Jobs/AggregateDailyUsageJob.php(68): Illuminate/Database/Eloquent/Builder->get()
#9 D:/Prabu/Projects/subscription-billing-metering/vendor/laravel/framework/src/Illuminate/Container/BoundMethod.php(36): App/Jobs/AggregateDailyUsageJob->handle()
#10 D:/Prabu/Projects/subscription-billing-metering/vendor/laravel/framework/src/Illuminate/Container/Util.php(43): Illuminate/Container/BoundMethod::{closure:Illuminate/Container/BoundMethod::call():35}()
#11 D:/Prabu/Projects/subscription-billing-metering/vendor/laravel/framework/src/Illuminate/Container/BoundMethod.php(96): Illuminate/Container/Util::unwrapIfClosure()
#12 D:/Prabu/Projects/subscription-billing-metering/vendor/laravel/framework/src/Illuminate/Container/BoundMethod.php(35): Illuminate/Container/BoundMethod::callBoundMethod()
#13 D:/Prabu/Projects/subscription-billing-metering/vendor/laravel/framework/src/Illuminate/Container/Container.php(803): Illuminate/Container/BoundMethod::call()
#14 D:/Prabu/Projects/subscription-billing-metering/vendor/laravel/framework/src/Illuminate/Bus/Dispatcher.php(136): Illuminate/Container/Container->call()
#15 D:/Prabu/Projects/subscription-billing-metering/vendor/laravel/framework/src/Illuminate/Pipeline/Pipeline.php(180): Illuminate/Bus/Dispatcher->{closure:Illuminate/Bus/Dispatcher::dispatchNow():133}()
#16 D:/Prabu/Projects/subscription-billing-metering/vendor/laravel/framework/src/Illuminate/Pipeline/Pipeline.php(137): Illuminate/Pipeline/Pipeline->{closure:Illuminate/Pipeline/Pipeline::prepareDestination():178}()
#17 D:/Prabu/Projects/subscription-billing-metering/vendor/laravel/framework/src/Illuminate/Bus/Dispatcher.php(140): Illuminate/Pipeline/Pipeline->then()
#18 D:/Prabu/Projects/subscription-billing-metering/vendor/laravel/framework/src/Illuminate/Queue/CallQueuedHandler.php(159): Illuminate/Bus/Dispatcher->dispatchNow()
#19 D:/Prabu/Projects/subscription-billing-metering/vendor/laravel/framework/src/Illuminate/Pipeline/Pipeline.php(180): Illuminate/Queue/CallQueuedHandler->{closure:Illuminate/Queue/CallQueuedHandler::dispatchThroughMiddleware():148}()
#20 D:/Prabu/Projects/subscription-billing-metering/vendor/laravel/framework/src/Illuminate/Pipeline/Pipeline.php(137): Illuminate/Pipeline/Pipeline->{closure:Illuminate/Pipeline/Pipeline::prepareDestination():178}()
#21 D:/Prabu/Projects/subscription-billing-metering/vendor/laravel/framework/src/Illuminate/Queue/CallQueuedHandler.php(148): Illuminate/Pipeline/Pipeline->then()
#22 D:/Prabu/Projects/subscription-billing-metering/vendor/laravel/framework/src/Illuminate/Queue/CallQueuedHandler.php(86): Illuminate/Queue/CallQueuedHandler->dispatchThroughMiddleware()
#23 D:/Prabu/Projects/subscription-billing-metering/vendor/laravel/framework/src/Illuminate/Queue/Jobs/Job.php(102): Illuminate/Queue/CallQueuedHandler->call()
#24 D:/Prabu/Projects/subscription-billing-metering/vendor/laravel/framework/src/Illuminate/Queue/Worker.php(631): Illuminate/Queue/Jobs/Job->fire()
#25 D:/Prabu/Projects/subscription-billing-metering/vendor/laravel/framework/src/Illuminate/Queue/Worker.php(573): Illuminate/Queue/Worker->process()
#26 D:/Prabu/Projects/subscription-billing-metering/vendor/laravel/framework/src/Illuminate/Queue/Worker.php(282): Illuminate/Queue/Worker->runJob()
#27 D:/Prabu/Projects/subscription-billing-metering/vendor/laravel/framework/src/Illuminate/Queue/Console/WorkCommand.php(152): Illuminate/Queue/Worker->daemon()
#28 D:/Prabu/Projects/subscription-billing-metering/vendor/laravel/framework/src/Illuminate/Queue/Console/WorkCommand.php(135): Illuminate/Queue/Console/WorkCommand->runWorker()
#29 D:/Prabu/Projects/subscription-billing-metering/vendor/laravel/framework/src/Illuminate/Container/BoundMethod.php(36): Illuminate/Queue/Console/WorkCommand->handle()
#30 D:/Prabu/Projects/subscription-billing-metering/vendor/laravel/framework/src/Illuminate/Container/Util.php(43): Illuminate/Container/BoundMethod::{closure:Illuminate/Container/BoundMethod::call():35}()
#31 D:/Prabu/Projects/subscription-billing-metering/vendor/laravel/framework/src/Illuminate/Container/BoundMethod.php(96): Illuminate/Container/Util::unwrapIfClosure()
#32 D:/Prabu/Projects/subscription-billing-metering/vendor/laravel/framework/src/Illuminate/Container/BoundMethod.php(35): Illuminate/Container/BoundMethod::callBoundMethod()
#33 D:/Prabu/Projects/subscription-billing-metering/vendor/laravel/framework/src/Illuminate/Container/Container.php(803): Illuminate/Container/BoundMethod::call()
#34 D:/Prabu/Projects/subscription-billing-metering/vendor/laravel/framework/src/Illuminate/Console/Command.php(292): Illuminate/Container/Container->call()
#35 D:/Prabu/Projects/subscription-billing-metering/vendor/symfony/console/Command/Command.php(285): Illuminate/Console/Command->execute()
#36 D:/Prabu/Projects/subscription-billing-metering/vendor/laravel/framework/src/Illuminate/Console/Command.php(261): Symfony/Component/Console/Command/Command->run()
#37 D:/Prabu/Projects/subscription-billing-metering/vendor/symfony/console/Application.php(1144): Illuminate/Console/Command->run()
#38 D:/Prabu/Projects/subscription-billing-metering/vendor/symfony/console/Application.php(379): Symfony/Component/Console/Application->doRunCommand()
#39 D:/Prabu/Projects/subscription-billing-metering/vendor/symfony/console/Application.php(218): Symfony/Component/Console/Application->doRun()
#40 D:/Prabu/Projects/subscription-billing-metering/vendor/laravel/framework/src/Illuminate/Foundation/Console/Kernel.php(198): Symfony/Component/Console/Application->run()
#41 D:/Prabu/Projects/subscription-billing-metering/vendor/laravel/framework/src/Illuminate/Foundation/Application.php(1243): Illuminate/Foundation/Console/Kernel->handle()
#42 D:/Prabu/Projects/subscription-billing-metering/artisan(16): Illuminate/Foundation/Application->handleCommand()
#43 {main}
"} 
[2026-10-04 10:28:55] local.ERROR: SQLSTATE[HY000]: General error: 1525 Incorrect DATE value: '2026-1php artisan optimize:clear0-02' (Connection: mysql, Host: 127.0.0.1, Port: 3306, Database: subscription_billing_metering, SQL: select `merchant_id`, `customer_id`, `subscription_id`, `usage_date`, SUM(quantity) as total_units from `usage_events` where `merchant_id` = 1 and `usage_date` = 2026-1php artisan optimize:clear0-02 group by `merchant_id`, `customer_id`, `subscription_id`, `usage_date`) {"exception":"[object] (Illuminate\\Database\\QueryException(code: HY000): SQLSTATE[HY000]: General error: 1525 Incorrect DATE value: '2026-1php artisan optimize:clear0-02' (Connection: mysql, Host: 127.0.0.1, Port: 3306, Database: subscription_billing_metering, SQL: select `merchant_id`, `customer_id`, `subscription_id`, `usage_date`, SUM(quantity) as total_units from `usage_events` where `merchant_id` = 1 and `usage_date` = 2026-1php artisan optimize:clear0-02 group by `merchant_id`, `customer_id`, `subscription_id`, `usage_date`) at D:/Prabu/Projects/subscription-billing-metering/vendor/laravel/framework/src/Illuminate/Database/Connection.php:857)
[stacktrace]
#0 D:/Prabu/Projects/subscription-billing-metering/vendor/laravel/framework/src/Illuminate/Database/Connection.php(813): Illuminate/Database/Connection->runQueryCallback()
#1 D:/Prabu/Projects/subscription-billing-metering/vendor/laravel/framework/src/Illuminate/Database/Connection.php(426): Illuminate/Database/Connection->run()
#2 D:/Prabu/Projects/subscription-billing-metering/vendor/laravel/framework/src/Illuminate/Database/Query/Builder.php(3636): Illuminate/Database/Connection->select()
#3 D:/Prabu/Projects/subscription-billing-metering/vendor/laravel/framework/src/Illuminate/Database/Query/Builder.php(3620): Illuminate/Database/Query/Builder->runSelect()
#4 D:/Prabu/Projects/subscription-billing-metering/vendor/laravel/framework/src/Illuminate/Database/Eloquent/Builder.php(941): Illuminate/Database/Query/Builder->get()
#5 D:/Prabu/Projects/subscription-billing-metering/vendor/laravel/framework/src/Illuminate/Database/Eloquent/Builder.php(923): Illuminate/Database/Eloquent/Builder->getModels()
#6 D:/Prabu/Projects/subscription-billing-metering/app/Jobs/AggregateDailyUsageJob.php(68): Illuminate/Database/Eloquent/Builder->get()
#7 D:/Prabu/Projects/subscription-billing-metering/vendor/laravel/framework/src/Illuminate/Container/BoundMethod.php(36): App/Jobs/AggregateDailyUsageJob->handle()
#8 D:/Prabu/Projects/subscription-billing-metering/vendor/laravel/framework/src/Illuminate/Container/Util.php(43): Illuminate/Container/BoundMethod::{closure:Illuminate/Container/BoundMethod::call():35}()
#9 D:/Prabu/Projects/subscription-billing-metering/vendor/laravel/framework/src/Illuminate/Container/BoundMethod.php(96): Illuminate/Container/Util::unwrapIfClosure()
#10 D:/Prabu/Projects/subscription-billing-metering/vendor/laravel/framework/src/Illuminate/Container/BoundMethod.php(35): Illuminate/Container/BoundMethod::callBoundMethod()
#11 D:/Prabu/Projects/subscription-billing-metering/vendor/laravel/framework/src/Illuminate/Container/Container.php(803): Illuminate/Container/BoundMethod::call()
#12 D:/Prabu/Projects/subscription-billing-metering/vendor/laravel/framework/src/Illuminate/Bus/Dispatcher.php(136): Illuminate/Container/Container->call()
#13 D:/Prabu/Projects/subscription-billing-metering/vendor/laravel/framework/src/Illuminate/Pipeline/Pipeline.php(180): Illuminate/Bus/Dispatcher->{closure:Illuminate/Bus/Dispatcher::dispatchNow():133}()
#14 D:/Prabu/Projects/subscription-billing-metering/vendor/laravel/framework/src/Illuminate/Pipeline/Pipeline.php(137): Illuminate/Pipeline/Pipeline->{closure:Illuminate/Pipeline/Pipeline::prepareDestination():178}()
#15 D:/Prabu/Projects/subscription-billing-metering/vendor/laravel/framework/src/Illuminate/Bus/Dispatcher.php(140): Illuminate/Pipeline/Pipeline->then()
#16 D:/Prabu/Projects/subscription-billing-metering/vendor/laravel/framework/src/Illuminate/Queue/CallQueuedHandler.php(159): Illuminate/Bus/Dispatcher->dispatchNow()
#17 D:/Prabu/Projects/subscription-billing-metering/vendor/laravel/framework/src/Illuminate/Pipeline/Pipeline.php(180): Illuminate/Queue/CallQueuedHandler->{closure:Illuminate/Queue/CallQueuedHandler::dispatchThroughMiddleware():148}()
#18 D:/Prabu/Projects/subscription-billing-metering/vendor/laravel/framework/src/Illuminate/Pipeline/Pipeline.php(137): Illuminate/Pipeline/Pipeline->{closure:Illuminate/Pipeline/Pipeline::prepareDestination():178}()
#19 D:/Prabu/Projects/subscription-billing-metering/vendor/laravel/framework/src/Illuminate/Queue/CallQueuedHandler.php(148): Illuminate/Pipeline/Pipeline->then()
#20 D:/Prabu/Projects/subscription-billing-metering/vendor/laravel/framework/src/Illuminate/Queue/CallQueuedHandler.php(86): Illuminate/Queue/CallQueuedHandler->dispatchThroughMiddleware()
#21 D:/Prabu/Projects/subscription-billing-metering/vendor/laravel/framework/src/Illuminate/Queue/Jobs/Job.php(102): Illuminate/Queue/CallQueuedHandler->call()
#22 D:/Prabu/Projects/subscription-billing-metering/vendor/laravel/framework/src/Illuminate/Queue/Worker.php(631): Illuminate/Queue/Jobs/Job->fire()
#23 D:/Prabu/Projects/subscription-billing-metering/vendor/laravel/framework/src/Illuminate/Queue/Worker.php(573): Illuminate/Queue/Worker->process()
#24 D:/Prabu/Projects/subscription-billing-metering/vendor/laravel/framework/src/Illuminate/Queue/Worker.php(282): Illuminate/Queue/Worker->runJob()
#25 D:/Prabu/Projects/subscription-billing-metering/vendor/laravel/framework/src/Illuminate/Queue/Console/WorkCommand.php(152): Illuminate/Queue/Worker->daemon()
#26 D:/Prabu/Projects/subscription-billing-metering/vendor/laravel/framework/src/Illuminate/Queue/Console/WorkCommand.php(135): Illuminate/Queue/Console/WorkCommand->runWorker()
#27 D:/Prabu/Projects/subscription-billing-metering/vendor/laravel/framework/src/Illuminate/Container/BoundMethod.php(36): Illuminate/Queue/Console/WorkCommand->handle()
#28 D:/Prabu/Projects/subscription-billing-metering/vendor/laravel/framework/src/Illuminate/Container/Util.php(43): Illuminate/Container/BoundMethod::{closure:Illuminate/Container/BoundMethod::call():35}()
#29 D:/Prabu/Projects/subscription-billing-metering/vendor/laravel/framework/src/Illuminate/Container/BoundMethod.php(96): Illuminate/Container/Util::unwrapIfClosure()
#30 D:/Prabu/Projects/subscription-billing-metering/vendor/laravel/framework/src/Illuminate/Container/BoundMethod.php(35): Illuminate/Container/BoundMethod::callBoundMethod()
#31 D:/Prabu/Projects/subscription-billing-metering/vendor/laravel/framework/src/Illuminate/Container/Container.php(803): Illuminate/Container/BoundMethod::call()
#32 D:/Prabu/Projects/subscription-billing-metering/vendor/laravel/framework/src/Illuminate/Console/Command.php(292): Illuminate/Container/Container->call()
#33 D:/Prabu/Projects/subscription-billing-metering/vendor/symfony/console/Command/Command.php(285): Illuminate/Console/Command->execute()
#34 D:/Prabu/Projects/subscription-billing-metering/vendor/laravel/framework/src/Illuminate/Console/Command.php(261): Symfony/Component/Console/Command/Command->run()
#35 D:/Prabu/Projects/subscription-billing-metering/vendor/symfony/console/Application.php(1144): Illuminate/Console/Command->run()
#36 D:/Prabu/Projects/subscription-billing-metering/vendor/symfony/console/Application.php(379): Symfony/Component/Console/Application->doRunCommand()
#37 D:/Prabu/Projects/subscription-billing-metering/vendor/symfony/console/Application.php(218): Symfony/Component/Console/Application->doRun()
#38 D:/Prabu/Projects/subscription-billing-metering/vendor/laravel/framework/src/Illuminate/Foundation/Console/Kernel.php(198): Symfony/Component/Console/Application->run()
#39 D:/Prabu/Projects/subscription-billing-metering/vendor/laravel/framework/src/Illuminate/Foundation/Application.php(1243): Illuminate/Foundation/Console/Kernel->handle()
#40 D:/Prabu/Projects/subscription-billing-metering/artisan(16): Illuminate/Foundation/Application->handleCommand()
#41 {main}

[previous exception] [object] (PDOException(code: HY000): SQLSTATE[HY000]: General error: 1525 Incorrect DATE value: '2026-1php artisan optimize:clear0-02' at D:/Prabu/Projects/subscription-billing-metering/vendor/laravel/framework/src/Illuminate/Database/Connection.php:440)
[stacktrace]
#0 D:/Prabu/Projects/subscription-billing-metering/vendor/laravel/framework/src/Illuminate/Database/Connection.php(440): PDOStatement->execute()
#1 D:/Prabu/Projects/subscription-billing-metering/vendor/laravel/framework/src/Illuminate/Database/Connection.php(846): Illuminate/Database/Connection->{closure:Illuminate/Database/Connection::select():426}()
#2 D:/Prabu/Projects/subscription-billing-metering/vendor/laravel/framework/src/Illuminate/Database/Connection.php(813): Illuminate/Database/Connection->runQueryCallback()
#3 D:/Prabu/Projects/subscription-billing-metering/vendor/laravel/framework/src/Illuminate/Database/Connection.php(426): Illuminate/Database/Connection->run()
#4 D:/Prabu/Projects/subscription-billing-metering/vendor/laravel/framework/src/Illuminate/Database/Query/Builder.php(3636): Illuminate/Database/Connection->select()
#5 D:/Prabu/Projects/subscription-billing-metering/vendor/laravel/framework/src/Illuminate/Database/Query/Builder.php(3620): Illuminate/Database/Query/Builder->runSelect()
#6 D:/Prabu/Projects/subscription-billing-metering/vendor/laravel/framework/src/Illuminate/Database/Eloquent/Builder.php(941): Illuminate/Database/Query/Builder->get()
#7 D:/Prabu/Projects/subscription-billing-metering/vendor/laravel/framework/src/Illuminate/Database/Eloquent/Builder.php(923): Illuminate/Database/Eloquent/Builder->getModels()
#8 D:/Prabu/Projects/subscription-billing-metering/app/Jobs/AggregateDailyUsageJob.php(68): Illuminate/Database/Eloquent/Builder->get()
#9 D:/Prabu/Projects/subscription-billing-metering/vendor/laravel/framework/src/Illuminate/Container/BoundMethod.php(36): App/Jobs/AggregateDailyUsageJob->handle()
#10 D:/Prabu/Projects/subscription-billing-metering/vendor/laravel/framework/src/Illuminate/Container/Util.php(43): Illuminate/Container/BoundMethod::{closure:Illuminate/Container/BoundMethod::call():35}()
#11 D:/Prabu/Projects/subscription-billing-metering/vendor/laravel/framework/src/Illuminate/Container/BoundMethod.php(96): Illuminate/Container/Util::unwrapIfClosure()
#12 D:/Prabu/Projects/subscription-billing-metering/vendor/laravel/framework/src/Illuminate/Container/BoundMethod.php(35): Illuminate/Container/BoundMethod::callBoundMethod()
#13 D:/Prabu/Projects/subscription-billing-metering/vendor/laravel/framework/src/Illuminate/Container/Container.php(803): Illuminate/Container/BoundMethod::call()
#14 D:/Prabu/Projects/subscription-billing-metering/vendor/laravel/framework/src/Illuminate/Bus/Dispatcher.php(136): Illuminate/Container/Container->call()
#15 D:/Prabu/Projects/subscription-billing-metering/vendor/laravel/framework/src/Illuminate/Pipeline/Pipeline.php(180): Illuminate/Bus/Dispatcher->{closure:Illuminate/Bus/Dispatcher::dispatchNow():133}()
#16 D:/Prabu/Projects/subscription-billing-metering/vendor/laravel/framework/src/Illuminate/Pipeline/Pipeline.php(137): Illuminate/Pipeline/Pipeline->{closure:Illuminate/Pipeline/Pipeline::prepareDestination():178}()
#17 D:/Prabu/Projects/subscription-billing-metering/vendor/laravel/framework/src/Illuminate/Bus/Dispatcher.php(140): Illuminate/Pipeline/Pipeline->then()
#18 D:/Prabu/Projects/subscription-billing-metering/vendor/laravel/framework/src/Illuminate/Queue/CallQueuedHandler.php(159): Illuminate/Bus/Dispatcher->dispatchNow()
#19 D:/Prabu/Projects/subscription-billing-metering/vendor/laravel/framework/src/Illuminate/Pipeline/Pipeline.php(180): Illuminate/Queue/CallQueuedHandler->{closure:Illuminate/Queue/CallQueuedHandler::dispatchThroughMiddleware():148}()
#20 D:/Prabu/Projects/subscription-billing-metering/vendor/laravel/framework/src/Illuminate/Pipeline/Pipeline.php(137): Illuminate/Pipeline/Pipeline->{closure:Illuminate/Pipeline/Pipeline::prepareDestination():178}()
#21 D:/Prabu/Projects/subscription-billing-metering/vendor/laravel/framework/src/Illuminate/Queue/CallQueuedHandler.php(148): Illuminate/Pipeline/Pipeline->then()
#22 D:/Prabu/Projects/subscription-billing-metering/vendor/laravel/framework/src/Illuminate/Queue/CallQueuedHandler.php(86): Illuminate/Queue/CallQueuedHandler->dispatchThroughMiddleware()
#23 D:/Prabu/Projects/subscription-billing-metering/vendor/laravel/framework/src/Illuminate/Queue/Jobs/Job.php(102): Illuminate/Queue/CallQueuedHandler->call()
#24 D:/Prabu/Projects/subscription-billing-metering/vendor/laravel/framework/src/Illuminate/Queue/Worker.php(631): Illuminate/Queue/Jobs/Job->fire()
#25 D:/Prabu/Projects/subscription-billing-metering/vendor/laravel/framework/src/Illuminate/Queue/Worker.php(573): Illuminate/Queue/Worker->process()
#26 D:/Prabu/Projects/subscription-billing-metering/vendor/laravel/framework/src/Illuminate/Queue/Worker.php(282): Illuminate/Queue/Worker->runJob()
#27 D:/Prabu/Projects/subscription-billing-metering/vendor/laravel/framework/src/Illuminate/Queue/Console/WorkCommand.php(152): Illuminate/Queue/Worker->daemon()
#28 D:/Prabu/Projects/subscription-billing-metering/vendor/laravel/framework/src/Illuminate/Queue/Console/WorkCommand.php(135): Illuminate/Queue/Console/WorkCommand->runWorker()
#29 D:/Prabu/Projects/subscription-billing-metering/vendor/laravel/framework/src/Illuminate/Container/BoundMethod.php(36): Illuminate/Queue/Console/WorkCommand->handle()
#30 D:/Prabu/Projects/subscription-billing-metering/vendor/laravel/framework/src/Illuminate/Container/Util.php(43): Illuminate/Container/BoundMethod::{closure:Illuminate/Container/BoundMethod::call():35}()
#31 D:/Prabu/Projects/subscription-billing-metering/vendor/laravel/framework/src/Illuminate/Container/BoundMethod.php(96): Illuminate/Container/Util::unwrapIfClosure()
#32 D:/Prabu/Projects/subscription-billing-metering/vendor/laravel/framework/src/Illuminate/Container/BoundMethod.php(35): Illuminate/Container/BoundMethod::callBoundMethod()
#33 D:/Prabu/Projects/subscription-billing-metering/vendor/laravel/framework/src/Illuminate/Container/Container.php(803): Illuminate/Container/BoundMethod::call()
#34 D:/Prabu/Projects/subscription-billing-metering/vendor/laravel/framework/src/Illuminate/Console/Command.php(292): Illuminate/Container/Container->call()
#35 D:/Prabu/Projects/subscription-billing-metering/vendor/symfony/console/Command/Command.php(285): Illuminate/Console/Command->execute()
#36 D:/Prabu/Projects/subscription-billing-metering/vendor/laravel/framework/src/Illuminate/Console/Command.php(261): Symfony/Component/Console/Command/Command->run()
#37 D:/Prabu/Projects/subscription-billing-metering/vendor/symfony/console/Application.php(1144): Illuminate/Console/Command->run()
#38 D:/Prabu/Projects/subscription-billing-metering/vendor/symfony/console/Application.php(379): Symfony/Component/Console/Application->doRunCommand()
#39 D:/Prabu/Projects/subscription-billing-metering/vendor/symfony/console/Application.php(218): Symfony/Component/Console/Application->doRun()
#40 D:/Prabu/Projects/subscription-billing-metering/vendor/laravel/framework/src/Illuminate/Foundation/Console/Kernel.php(198): Symfony/Component/Console/Application->run()
#41 D:/Prabu/Projects/subscription-billing-metering/vendor/laravel/framework/src/Illuminate/Foundation/Application.php(1243): Illuminate/Foundation/Console/Kernel->handle()
#42 D:/Prabu/Projects/subscription-billing-metering/artisan(16): Illuminate/Foundation/Application->handleCommand()
#43 {main}
"} 
[2026-10-04 10:29:09] local.ERROR: Call to undefined method App\Services\DashboardService::get() {"exception":"[object] (Error(code: 0): Call to undefined method App\\Services\\DashboardService::get() at D:/Prabu/Projects/subscription-billing-metering/app/Http/Controllers/Api/DashboardController.php:21)
[stacktrace]
#0 D:/Prabu/Projects/subscription-billing-metering/vendor/laravel/framework/src/Illuminate/Routing/ControllerDispatcher.php(46): App/Http/Controllers/Api/DashboardController->show()
#1 D:/Prabu/Projects/subscription-billing-metering/vendor/laravel/framework/src/Illuminate/Routing/Route.php(276): Illuminate/Routing/ControllerDispatcher->dispatch()
#2 D:/Prabu/Projects/subscription-billing-metering/vendor/laravel/framework/src/Illuminate/Routing/Route.php(216): Illuminate/Routing/Route->runController()
#3 D:/Prabu/Projects/subscription-billing-metering/vendor/laravel/framework/src/Illuminate/Routing/Router.php(822): Illuminate/Routing/Route->run()
#4 D:/Prabu/Projects/subscription-billing-metering/vendor/laravel/framework/src/Illuminate/Pipeline/Pipeline.php(180): Illuminate/Routing/Router->{closure:Illuminate/Routing/Router::runRouteWithinStack():821}()
#5 D:/Prabu/Projects/subscription-billing-metering/vendor/laravel/framework/src/Illuminate/Routing/Middleware/SubstituteBindings.php(52): Illuminate/Pipeline/Pipeline->{closure:Illuminate/Pipeline/Pipeline::prepareDestination():178}()
#6 D:/Prabu/Projects/subscription-billing-metering/vendor/laravel/framework/src/Illuminate/Pipeline/Pipeline.php(219): Illuminate/Routing/Middleware/SubstituteBindings->handle()
#7 D:/Prabu/Projects/subscription-billing-metering/vendor/laravel/framework/src/Illuminate/Pipeline/Pipeline.php(137): Illuminate/Pipeline/Pipeline->{closure:{closure:Illuminate/Pipeline/Pipeline::carry():194}:195}()
#8 D:/Prabu/Projects/subscription-billing-metering/vendor/laravel/framework/src/Illuminate/Routing/Router.php(821): Illuminate/Pipeline/Pipeline->then()
#9 D:/Prabu/Projects/subscription-billing-metering/vendor/laravel/framework/src/Illuminate/Routing/Router.php(800): Illuminate/Routing/Router->runRouteWithinStack()
#10 D:/Prabu/Projects/subscription-billing-metering/vendor/laravel/framework/src/Illuminate/Routing/Router.php(764): Illuminate/Routing/Router->runRoute()
#11 D:/Prabu/Projects/subscription-billing-metering/vendor/laravel/framework/src/Illuminate/Routing/Router.php(753): Illuminate/Routing/Router->dispatchToRoute()
#12 D:/Prabu/Projects/subscription-billing-metering/vendor/laravel/framework/src/Illuminate/Foundation/Http/Kernel.php(200): Illuminate/Routing/Router->dispatch()
#13 D:/Prabu/Projects/subscription-billing-metering/vendor/laravel/framework/src/Illuminate/Pipeline/Pipeline.php(180): Illuminate/Foundation/Http/Kernel->{closure:Illuminate/Foundation/Http/Kernel::dispatchToRouter():197}()
#14 D:/Prabu/Projects/subscription-billing-metering/vendor/laravel/framework/src/Illuminate/Foundation/Http/Middleware/TransformsRequest.php(21): Illuminate/Pipeline/Pipeline->{closure:Illuminate/Pipeline/Pipeline::prepareDestination():178}()
#15 D:/Prabu/Projects/subscription-billing-metering/vendor/laravel/framework/src/Illuminate/Foundation/Http/Middleware/ConvertEmptyStringsToNull.php(31): Illuminate/Foundation/Http/Middleware/TransformsRequest->handle()
#16 D:/Prabu/Projects/subscription-billing-metering/vendor/laravel/framework/src/Illuminate/Pipeline/Pipeline.php(219): Illuminate/Foundation/Http/Middleware/ConvertEmptyStringsToNull->handle()
#17 D:/Prabu/Projects/subscription-billing-metering/vendor/laravel/framework/src/Illuminate/Foundation/Http/Middleware/TransformsRequest.php(21): Illuminate/Pipeline/Pipeline->{closure:{closure:Illuminate/Pipeline/Pipeline::carry():194}:195}()
#18 D:/Prabu/Projects/subscription-billing-metering/vendor/laravel/framework/src/Illuminate/Foundation/Http/Middleware/TrimStrings.php(51): Illuminate/Foundation/Http/Middleware/TransformsRequest->handle()
#19 D:/Prabu/Projects/subscription-billing-metering/vendor/laravel/framework/src/Illuminate/Pipeline/Pipeline.php(219): Illuminate/Foundation/Http/Middleware/TrimStrings->handle()
#20 D:/Prabu/Projects/subscription-billing-metering/vendor/laravel/framework/src/Illuminate/Http/Middleware/ValidatePostSize.php(27): Illuminate/Pipeline/Pipeline->{closure:{closure:Illuminate/Pipeline/Pipeline::carry():194}:195}()
#21 D:/Prabu/Projects/subscription-billing-metering/vendor/laravel/framework/src/Illuminate/Pipeline/Pipeline.php(219): Illuminate/Http/Middleware/ValidatePostSize->handle()
#22 D:/Prabu/Projects/subscription-billing-metering/vendor/laravel/framework/src/Illuminate/Foundation/Http/Middleware/PreventRequestsDuringMaintenance.php(110): Illuminate/Pipeline/Pipeline->{closure:{closure:Illuminate/Pipeline/Pipeline::carry():194}:195}()
#23 D:/Prabu/Projects/subscription-billing-metering/vendor/laravel/framework/src/Illuminate/Pipeline/Pipeline.php(219): Illuminate/Foundation/Http/Middleware/PreventRequestsDuringMaintenance->handle()
#24 D:/Prabu/Projects/subscription-billing-metering/vendor/laravel/framework/src/Illuminate/Http/Middleware/HandleCors.php(74): Illuminate/Pipeline/Pipeline->{closure:{closure:Illuminate/Pipeline/Pipeline::carry():194}:195}()
#25 D:/Prabu/Projects/subscription-billing-metering/vendor/laravel/framework/src/Illuminate/Pipeline/Pipeline.php(219): Illuminate/Http/Middleware/HandleCors->handle()
#26 D:/Prabu/Projects/subscription-billing-metering/vendor/laravel/framework/src/Illuminate/Http/Middleware/TrustProxies.php(58): Illuminate/Pipeline/Pipeline->{closure:{closure:Illuminate/Pipeline/Pipeline::carry():194}:195}()
#27 D:/Prabu/Projects/subscription-billing-metering/vendor/laravel/framework/src/Illuminate/Pipeline/Pipeline.php(219): Illuminate/Http/Middleware/TrustProxies->handle()
#28 D:/Prabu/Projects/subscription-billing-metering/vendor/laravel/framework/src/Illuminate/Foundation/Http/Middleware/InvokeDeferredCallbacks.php(22): Illuminate/Pipeline/Pipeline->{closure:{closure:Illuminate/Pipeline/Pipeline::carry():194}:195}()
#29 D:/Prabu/Projects/subscription-billing-metering/vendor/laravel/framework/src/Illuminate/Pipeline/Pipeline.php(219): Illuminate/Foundation/Http/Middleware/InvokeDeferredCallbacks->handle()
#30 D:/Prabu/Projects/subscription-billing-metering/vendor/laravel/framework/src/Illuminate/Http/Middleware/ValidatePathEncoding.php(28): Illuminate/Pipeline/Pipeline->{closure:{closure:Illuminate/Pipeline/Pipeline::carry():194}:195}()
#31 D:/Prabu/Projects/subscription-billing-metering/vendor/laravel/framework/src/Illuminate/Pipeline/Pipeline.php(219): Illuminate/Http/Middleware/ValidatePathEncoding->handle()
#32 D:/Prabu/Projects/subscription-billing-metering/vendor/laravel/framework/src/Illuminate/Pipeline/Pipeline.php(137): Illuminate/Pipeline/Pipeline->{closure:{closure:Illuminate/Pipeline/Pipeline::carry():194}:195}()
#33 D:/Prabu/Projects/subscription-billing-metering/vendor/laravel/framework/src/Illuminate/Foundation/Http/Kernel.php(175): Illuminate/Pipeline/Pipeline->then()
#34 D:/Prabu/Projects/subscription-billing-metering/vendor/laravel/framework/src/Illuminate/Foundation/Http/Kernel.php(144): Illuminate/Foundation/Http/Kernel->sendRequestThroughRouter()
#35 D:/Prabu/Projects/subscription-billing-metering/vendor/laravel/framework/src/Illuminate/Foundation/Application.php(1228): Illuminate/Foundation/Http/Kernel->handle()
#36 D:/Prabu/Projects/subscription-billing-metering/public/index.php(20): Illuminate/Foundation/Application->handleRequest()
#37 D:/Prabu/Projects/subscription-billing-metering/vendor/laravel/framework/src/Illuminate/Foundation/resources/server.php(23): require_once('...')
#38 {main}
"} 
